policy,trials,utility,recovery,cost,harm,unsafe_rate,oracle_regret
qrtc,9216,0.40786675347222223,0.6516927083333334,4.734375,0.028428819444444444,0.0,0.10761176215277778
qrtc_no_abstention,9216,0.11067437065972223,0.3402777777777778,3.4557291666666665,0.2272677951388889,0.0,0.4048041449652778
qrtc_untyped,9216,0.23192816840277777,0.4708116319444444,4.645833333333333,0.0263671875,0.0,0.2835503472222222
greedy_gain,9216,0.02317437065972222,0.3402777777777778,4.205729166666667,0.2272677951388889,0.25,0.49230414496527775
end_to_end,9216,0.09231499565972219,0.5174696180555556,6.272352430555555,0.2461480034722222,0.25,0.4231635199652778
highest_stage_posterior,9216,0.11067437065972223,0.3402777777777778,3.4557291666666665,0.2272677951388889,0.0,0.4048041449652778
cheapest_first,9216,-0.09251844618055555,0.1391059027777778,1.125,0.7014973958333334,0.0,0.6079969618055555
random,9216,-0.19091254340277777,0.1142578125,2.8854166666666665,0.5283203125,0.1440972222222222,0.7063910590277778
oracle,9216,0.515478515625,0.6705729166666666,3.071506076388889,0.006076388888888889,0.0,0.0
