Case_ID,Case Name,Bio,Env,Cog,Id,Sym,C,Φ,Q=C×Φ,Mode,Ω,Integration Type,I,Load,Tension,κ,Outcome,Out(t₀),Out(late),Template_Deficit,FR Risk,Rescue,Walls,Q_calc,Load_calc,Tension_calc,FR_rule,Rescue_rule,Q_ge_12_rule,Q_le_6_rule,Phi_eq_4_rule,Low_C_low_Phi_rule,PR_rule_candidate,Is_FR_t0,Is_FR_late,Is_CR_t0,Is_PR_t0,Is_Clean_CR_PR,Ext,Q_predicted,Tension_predicted,kappa_predicted,Regime_Predicted,Regime_Predicted_TwoLaws_Strict,Regime_Predicted_TwoLaws_Calibrated,Regime_Actual_Normalized,Regime_Predicted_Normalized,Match_Default,Regime_Predicted_TwoLaws_Strict_Normalized,Match_TwoLaws_Strict,Regime_Predicted_TwoLaws_Calibrated_Normalized,Match_TwoLaws_Calibrated,Match,FED_Substrate_Viable,Reboot_Quality,Q_rho,SC_closure,SC_portability,CID,ECC,ID,CAC,Frag_pre,SC_x_CID,SC_x_CAC,z,CL,AV,DD,Noise_pre_raw,Clarity_post_ordinal,Clarity_post_binary,ΔG,Gate_Effect
1,Abraham Lincoln,2,2,3,4,3,4,4,16,N,B,Biological/Individual,4,14,10,1.0,MR,MR,MR,0,0,0,2,16,14,10,0,0,1,0,1,0,0,0,0,0,0,0,,16,-2,0.875,MR,CR,MR,MR,MR,True,CR,False,MR,True,True,1,1,0.9289469597929315,0.8555555555555555,0.5475,1.0,0.3,0.895,0.25,0.025,0.8555555555555555,0.5347222222222222,0.8568749999999999,1.0,0.0,0.0,1.0,1,0.0,1.7721983056991313,Clarified
2,Ada Lovelace,3,1,4,2,3,4,4,16,D,B,Biological/Individual,3,13,9,1.0,PR,PR,PR,0,0,0,2,16,13,9,0,0,1,0,1,0,1,0,0,0,1,1,,16,-3,0.8125,PR,CR,PR,PR,PR,True,CR,False,PR,True,True,1,1,0.9306691040220662,0.8368421052631579,0.525,1.0,0.3,0.82,0.4,0.025,0.8368421052631579,0.5857894736842105,0.865671052631579,1.0,0.0,0.0,1.0,2,1.0,2.7721983056991313,Clarified
3,Adam Smith,1,1,4,2,2,4,4,16,D,G,Growth/Global,3,10,6,1.0,PR,PR,PR,0,0,0,1,16,10,6,0,0,1,0,1,0,1,0,0,0,1,1,,16,-6,0.625,PR,CR,PR,PR,PR,True,CR,False,PR,True,True,1,1,0.9323480206896563,0.740909090909091,0.7175,1.0,0.4,0.76,0.4,0.0125,0.740909090909091,0.5186363636363637,0.8744431818181818,3.0,0.0,0.0,3.0,2,1.0,0.9442892728847625,Clarified
4,Admiral James Stockdale,3,4,3,4,3,4,4,16,N,G,Growth/Global,4,17,13,1.0,MR,MR,MR,0,0,0,2,16,17,13,0,0,1,0,1,0,0,0,0,0,0,0,,16,1,1.0625,MR,CR,MR,MR,MR,True,CR,False,MR,True,True,1,1,0.9336775387186524,0.8764705882352941,0.74,0.9411764705882353,0.3,0.895,0.25,0.025,0.8249134948096886,0.5477941176470589,0.881534169550173,0.0,0.0,0.0,0.0,1,0.0,2.6861528221063153,Clarified
5,Akhenaten,1,2,2,4,4,3,3,9,V,J,Journey/Transmission,4,13,10,0.56,MR,MR,MR,0,0,0,1,9,13,10,0,0,0,0,0,0,0,0,0,0,0,0,4.0,9,4,1.444444444444444,MR,SR,MR,MR,MR,True,SR,False,MR,True,True,1,1,0.9063289990297605,0.726923076923077,0.9075000000000001,0.6923076923076923,0.4,0.9099999999999999,0.07500000000000001,0.0125,0.5032544378698225,0.39072115384615386,0.7565379068047337,1.0,0.0,0.0,1.0,1,0.0,1.7721983056991313,Clarified
6,Akira Kurosawa,2,2,3,4,3,3,4,12,T,L,Loss/Limitation,4,14,11,0.75,SR,SR,SR,0,0,0,2,12,14,11,0,0,1,0,1,0,0,0,0,0,0,0,,12,2,1.166666666666667,SR,MR,SR,SR,SR,True,MR,False,SR,True,True,1,1,0.916820883854875,0.8428571428571429,0.5625,0.8571428571428571,0.3,0.8799999999999999,0.25,0.025,0.7224489795918367,0.5267857142857143,0.7999719387755102,1.0,0.0,0.0,1.0,3,0.0,3.7721983056991313,Clarified
7,Alan Turing,3,2,4,3,2,4,3,12,T,B,Biological/Individual,3,14,10,0.75,PR,PR,PR,0,0,0,1,12,14,10,0,0,1,0,0,0,1,0,0,0,1,1,,12,2,1.166666666666667,PR,MR,PR,PR,PR,True,MR,False,PR,True,True,1,1,0.9157390673375517,0.7928571428571429,0.46499999999999997,0.8571428571428571,0.4,0.8049999999999999,0.375,0.0125,0.6795918367346939,0.5450892857142857,0.7952710459183674,1.0,0.0,0.0,1.0,2,1.0,2.7721983056991313,Clarified
8,Albert Einstein,1,1,4,2,3,4,4,16,D,B,Biological/Individual,3,11,7,1.0,PR,PR,PR,0,0,0,1,16,11,7,0,0,1,0,1,0,1,0,0,0,1,1,,16,-5,0.6875,PR,CR,PR,PR,PR,True,CR,False,PR,True,True,1,1,0.9258526463717645,0.7547619047619049,0.525,1.0,0.4,0.76,0.4,0.0125,0.7547619047619049,0.5283333333333333,0.8415535714285716,3.0,0.0,0.0,3.0,2,1.0,0.9442892728847625,Clarified
9,Aleksandr Solzhenitsyn,3,4,3,4,3,4,4,16,T,G,Growth/Global,4,17,13,1.0,MR,MR,MR,0,0,0,2,16,17,13,0,0,1,0,1,0,0,0,0,0,0,0,,16,1,1.0625,MR,CR,MR,MR,MR,True,CR,False,MR,True,True,1,1,0.9325069835893397,0.8764705882352941,0.72,0.9411764705882353,0.3,0.8799999999999999,0.25,0.025,0.8249134948096886,0.5477941176470589,0.875284169550173,0.0,0.0,0.0,0.0,1,0.0,2.6861528221063153,Clarified
10,Alexander Fleming,1,1,4,2,2,4,4,16,D,G,Growth/Global,4,10,6,1.0,PR,PR,PR,0,0,0,1,16,10,6,0,0,1,0,1,0,1,0,0,0,1,1,,16,-6,0.625,PR,CR,PR,PR,PR,True,CR,False,PR,True,True,1,1,0.936706036623394,0.740909090909091,0.78,1.0,0.4,0.8350000000000001,0.4,0.0125,0.740909090909091,0.5186363636363637,0.8981931818181818,3.0,0.0,0.0,3.0,2,1.0,0.9442892728847625,Clarified
11,Alexander Hamilton,1,3,3,4,2,4,4,16,T,G,Growth/Global,4,13,9,1.0,MR,MR,MR,0,0,0,1,16,13,9,0,0,1,0,1,0,0,0,0,0,0,0,,16,-3,0.8125,MR,CR,MR,MR,MR,True,CR,False,MR,True,True,1,1,0.9317306103359905,0.786842105263158,0.72,1.0,0.4,0.8199999999999998,0.25,0.0125,0.786842105263158,0.4917763157894738,0.8711940789473683,2.0,0.0,0.0,2.0,1,0.0,0.8582437892919468,Clarified
12,Alexander Pope,3,2,4,3,3,4,4,16,S,L,Loss/Limitation,3,15,11,1.0,PR,PR,PR,0,0,0,1,16,15,11,0,0,1,0,1,0,1,0,0,0,1,1,,16,-1,0.9375,PR,CR,PR,PR,PR,True,CR,False,PR,True,True,1,1,0.9324241265402624,0.8264705882352942,0.49,1.0,0.4,0.835,0.4,0.0125,0.8264705882352942,0.5785294117647058,0.8748455882352941,1.0,0.0,0.0,1.0,2,1.0,2.7721983056991313,Clarified
13,Alexander the Great,2,3,3,4,3,4,3,12,N,B,Biological/Individual,4,15,11,0.75,MR,MR,MR,0,0,0,1,12,15,11,0,0,1,0,0,0,0,0,0,0,0,0,,12,3,1.25,MR,MR,MR,MR,MR,True,MR,True,MR,True,True,1,1,0.9085415831767686,0.7700000000000001,0.5475,0.8,0.4,0.895,0.225,0.0125,0.6160000000000001,0.4716250000000001,0.7653187499999999,1.0,0.0,0.0,1.0,1,0.0,1.7721983056991313,Clarified
14,Alfred North Whitehead,1,1,4,3,3,4,4,16,D,G,Growth/Global,3,12,8,1.0,PR,PR,PR,0,0,0,1,16,12,8,0,0,1,0,1,0,1,0,0,0,1,1,,16,-4,0.75,PR,CR,PR,PR,PR,True,CR,False,PR,True,True,1,1,0.9345436605827893,0.7700000000000001,0.7175,1.0,0.4,0.76,0.4,0.0125,0.7700000000000001,0.539,0.886225,3.0,0.0,0.0,3.0,2,1.0,0.9442892728847625,Clarified
15,Alfred Russel Wallace,3,3,4,2,3,4,4,16,D,G,Growth/Global,4,15,11,1.0,PR,PR,PR,0,0,0,2,16,15,11,0,0,1,0,1,0,1,0,0,0,1,1,,16,-1,0.9375,PR,CR,PR,PR,PR,True,CR,False,PR,True,True,1,1,0.9457775192626151,0.8764705882352941,0.78,1.0,0.3,0.955,0.4,0.025,0.8764705882352941,0.6135294117647059,0.9529705882352941,1.0,0.0,0.0,1.0,2,1.0,2.7721983056991313,Clarified
16,Alfred Wegener,1,2,4,2,2,3,3,9,D,G,Growth/Global,3,11,8,0.56,PR,PR,PR,0,0,0,1,9,11,8,0,0,0,0,0,0,1,0,0,0,1,1,,9,2,1.222222222222222,PR,PR,PR,PR,PR,True,PR,True,PR,True,True,1,1,0.9161593203091782,0.7772727272727273,0.7175,0.8181818181818182,0.4,0.82,0.225,0.0125,0.6359504132231406,0.4760795454545455,0.7970906508264464,3.0,0.0,0.0,3.0,2,1.0,0.9442892728847625,Clarified
17,Angela of Foligno,3,2,2,4,4,3,3,9,V,B,Biological/Individual,4,15,12,0.56,SR,SR,SR,0,0,0,2,9,15,12,0,0,0,0,0,0,0,0,0,0,0,0,0.0,9,6,1.666666666666667,SR,SR,SR,SR,SR,True,SR,True,SR,True,True,1,1,0.8759242664751155,0.74,0.5675,0.6,0.3,0.97,0.07500000000000001,0.025,0.444,0.39775,0.6514624999999999,1.0,0.0,0.0,1.0,3,0.0,3.7721983056991313,Clarified
18,Anita Moorjani,4,1,1,4,4,3,4,12,X,J,Journey/Transmission,4,14,11,0.75,CR,CR,CR,0,0,0,1,12,14,11,0,0,1,0,1,0,0,0,0,1,0,1,,12,2,1.166666666666667,CR,MR,CR,CR,CR,True,MR,False,CR,True,True,1,1,0.9248756135324157,0.7928571428571429,0.7475,0.8571428571428571,0.4,0.8800000000000001,0.25,0.0125,0.6795918367346939,0.4955357142857143,0.8368380102040817,3.0,0.0,0.0,3.0,3,1.0,1.9442892728847625,Clarified
19,Ann Lee,2,2,2,4,4,3,3,9,V,J,Journey/Transmission,4,14,11,0.56,MR,MR,MR,0,0,0,1,9,14,11,0,0,0,0,0,0,0,0,0,0,0,0,3.0,9,5,1.555555555555556,MR,SR,MR,MR,MR,True,SR,False,MR,True,True,1,1,0.8999822547526249,0.7071428571428572,0.8575,0.6428571428571429,0.4,0.97,0.07500000000000001,0.0125,0.45459183673469394,0.38008928571428574,0.732342474489796,0.0,0.0,0.0,0.0,1,0.0,2.6861528221063153,Clarified
20,Anne Frank,1,4,3,3,3,3,3,9,T,J,Journey/Transmission,4,14,11,0.56,SR,SR,SR,0,0,0,1,9,14,11,0,0,0,0,0,0,0,0,0,0,0,0,,9,5,1.555555555555556,SR,MR,SR,SR,SR,True,MR,False,SR,True,True,1,1,0.8824177426163708,0.7071428571428572,0.6675,0.6428571428571429,0.4,0.8199999999999998,0.07500000000000001,0.0125,0.45459183673469394,0.38008928571428574,0.671842474489796,2.0,0.0,0.0,2.0,3,0.0,2.858243789291947,Clarified
21,Antonio Gramsci,3,4,4,3,2,4,4,16,T,G,Growth/Global,4,16,12,1.0,PR,PR,PR,0,0,0,2,16,16,12,0,0,1,0,1,0,1,0,0,0,1,1,,16,0,1.0,PR,CR,PR,PR,PR,True,CR,False,PR,True,True,1,1,0.9436274978790082,0.9,0.72,1.0,0.3,0.8799999999999999,0.4,0.025,0.9,0.63,0.9392500000000001,1.0,0.0,0.0,1.0,2,1.0,2.7721983056991313,Clarified
22,Anwar Sadat,1,4,3,4,3,4,4,16,N,G,Growth/Global,4,15,11,1.0,MR,MR,MR,0,0,0,2,16,15,11,0,0,1,0,1,0,0,0,0,0,0,0,,16,-1,0.9375,MR,CR,MR,MR,MR,True,CR,False,MR,True,True,1,1,0.9360657723914058,0.8764705882352941,0.74,1.0,0.3,0.835,0.25,0.025,0.8764705882352941,0.5477941176470589,0.894610294117647,2.0,0.0,0.0,2.0,1,0.0,0.8582437892919468,Clarified
23,Archimedes,1,1,4,2,2,4,4,16,D,G,Growth/Global,3,10,6,1.0,PR,PR,PR,0,0,0,1,16,10,6,0,0,1,0,1,0,1,0,0,0,1,1,,16,-6,0.625,PR,CR,PR,PR,PR,True,CR,False,PR,True,True,1,1,0.9323480206896563,0.740909090909091,0.7175,1.0,0.4,0.76,0.4,0.0125,0.740909090909091,0.5186363636363637,0.8744431818181818,3.0,0.0,0.0,3.0,2,1.0,0.9442892728847625,Clarified
24,Arthur Koestler,2,4,4,4,3,3,4,12,T,G,Growth/Global,4,17,14,0.75,MR,MR,MR,0,0,0,2,12,17,14,0,0,1,0,1,0,0,0,0,0,0,0,,12,5,1.416666666666667,MR,MR,MR,MR,MR,True,MR,True,MR,True,True,1,1,0.9060533856002357,0.7823529411764706,0.72,0.7058823529411765,0.3,0.8799999999999999,0.25,0.025,0.5522491349480969,0.4889705882352941,0.7554571799307959,2.0,0.0,0.0,2.0,1,0.0,0.8582437892919468,Clarified
25,August Kekulé,1,1,4,2,4,4,4,16,D,J,Journey/Transmission,4,12,8,1.0,PR,PR,PR,0,0,0,1,16,12,8,0,0,1,0,1,0,1,0,0,0,1,1,,16,-4,0.75,PR,CR,PR,PR,PR,True,CR,False,PR,True,True,1,1,0.9369336428008026,0.7700000000000001,0.7275,1.0,0.4,0.8350000000000001,0.4,0.0125,0.7700000000000001,0.539,0.899475,3.0,0.0,0.0,3.0,2,1.0,0.9442892728847625,Clarified
26,Ayaan Hirsi Ali,1,3,4,4,2,4,4,16,T,G,Growth/Global,4,14,10,1.0,MR,MR,MR,0,0,0,1,16,14,10,0,0,1,0,1,0,0,0,0,0,0,0,,16,-2,0.875,MR,CR,MR,MR,MR,True,CR,False,MR,True,True,1,1,0.9331233486126896,0.8055555555555556,0.72,1.0,0.4,0.8199999999999998,0.25,0.0125,0.8055555555555556,0.5034722222222222,0.8785624999999999,3.0,0.0,0.0,3.0,1,0.0,-0.0557107271152375,Steady
27,Barbara McClintock,1,2,4,2,3,4,4,16,D,G,Growth/Global,4,12,8,1.0,PR,PR,PR,0,0,0,1,16,12,8,0,0,1,0,1,0,1,0,0,0,1,1,,16,-4,0.75,PR,CR,PR,PR,PR,True,CR,False,PR,True,True,1,1,0.9403032584443721,0.7700000000000001,0.78,1.0,0.4,0.8949999999999999,0.4,0.0125,0.7700000000000001,0.539,0.9189750000000001,3.0,0.0,0.0,3.0,2,1.0,0.9442892728847625,Clarified
28,Bayard Rustin,1,3,3,4,3,4,4,16,T,G,Growth/Global,4,14,10,1.0,MR,MR,MR,0,0,0,1,16,14,10,0,0,1,0,1,0,0,0,0,0,0,0,,16,-2,0.875,MR,CR,MR,MR,MR,True,CR,False,MR,True,True,1,1,0.9331233486126896,0.8055555555555556,0.72,1.0,0.4,0.8199999999999998,0.25,0.0125,0.8055555555555556,0.5034722222222222,0.8785624999999999,2.0,0.0,0.0,2.0,1,0.0,0.8582437892919468,Clarified
29,Beethoven,4,2,4,3,4,4,4,16,S,L,Loss/Limitation,4,17,13,1.0,SR,SR,SR,0,0,0,1,16,17,13,0,0,1,0,1,0,1,0,0,0,0,0,,16,1,1.0625,SR,CR,SR,SR,SR,True,CR,False,SR,True,True,1,1,0.9328504762969294,0.8264705882352942,0.5525,0.9411764705882353,0.4,0.9099999999999999,0.4,0.0125,0.7778546712802769,0.5785294117647058,0.8771076989619377,0.0,0.0,0.0,0.0,3,0.0,4.686152822106315,Clarified
30,Bernadette Soubirous,2,2,1,4,4,3,3,9,V,J,Journey/Transmission,4,13,10,0.56,SR,SR,SR,0,0,0,1,9,13,10,0,0,0,0,0,0,0,0,0,0,0,0,0.0,9,4,1.444444444444444,MR,SR,SR,SR,MR,False,SR,True,SR,True,False,1,1,0.8956326749969096,0.726923076923077,0.7075,0.6923076923076923,0.4,0.9099999999999999,0.07500000000000001,0.0125,0.5032544378698225,0.39072115384615386,0.7165379068047338,1.0,0.0,0.0,1.0,3,0.0,3.7721983056991313,Clarified
31,Beryl Markham,1,4,3,3,2,3,4,12,N,L,Loss/Limitation,3,13,10,0.75,SR,SR,SR,0,0,0,1,12,13,10,0,0,1,0,1,0,0,0,0,0,0,0,,12,1,1.083333333333333,SR,MR,SR,SR,SR,True,MR,False,SR,True,True,1,1,0.9184054769664185,0.8192307692307693,0.52,0.9230769230769231,0.4,0.76,0.25,0.0125,0.7562130177514794,0.5120192307692308,0.8069589497041422,2.0,0.0,0.0,2.0,3,0.0,2.858243789291947,Clarified
32,Black Elk,2,2,2,3,4,3,3,9,V,J,Journey/Transmission,4,13,10,0.56,SR,SR,SR,0,0,0,1,9,13,10,0,0,0,0,0,0,0,0,0,0,0,0,0.0,9,4,1.444444444444444,MR,SR,SR,SR,MR,False,SR,True,SR,True,False,1,1,0.8981296694411905,0.726923076923077,0.7075,0.6923076923076923,0.4,0.97,0.07500000000000001,0.0125,0.5032544378698225,0.39072115384615386,0.7255379068047337,0.0,0.0,0.0,0.0,3,0.0,4.686152822106315,Clarified
33,Blaise Pascal,3,1,4,4,4,4,4,16,A,J,Journey/Transmission,4,16,12,1.0,MR,MR,MR,0,0,0,3,16,16,12,0,0,1,0,1,0,0,0,0,0,0,0,,16,0,1.0,MR,CR,MR,MR,MR,True,CR,False,MR,True,True,1,1,0.933845154565233,0.9500000000000001,0.6475,1.0,0.19999999999999996,0.8049999999999999,0.25,0.037500000000000006,0.9500000000000001,0.59375,0.8824375000000001,1.0,0.0,0.0,1.0,1,0.0,1.7721983056991313,Clarified
34,Booker T. Washington,1,3,3,4,3,4,4,16,T,G,Growth/Global,4,14,10,1.0,MR,MR,MR,0,0,0,1,16,14,10,0,0,1,0,1,0,0,0,0,0,0,0,,16,-2,0.875,MR,CR,MR,MR,MR,True,CR,False,MR,True,True,1,1,0.9331233486126896,0.8055555555555556,0.72,1.0,0.4,0.8199999999999998,0.25,0.0125,0.8055555555555556,0.5034722222222222,0.8785624999999999,2.0,0.0,0.0,2.0,1,0.0,0.8582437892919468,Clarified
35,Buckminster Fuller,2,3,4,4,3,4,4,16,V,G,Growth/Global,4,16,12,1.0,PR,PR,PR,0,0,0,2,16,16,12,0,0,1,0,1,0,0,0,0,0,1,1,,16,0,1.0,PR,CR,PR,PR,PR,True,CR,False,PR,True,True,1,1,0.9418256151217792,0.9,0.76,1.0,0.3,0.97,0.25,0.025,0.9,0.5625,0.9281250000000001,2.0,0.0,0.0,2.0,2,1.0,1.8582437892919468,Clarified
36,Buddha,2,3,3,4,4,4,4,16,N,G,Growth/Global,4,16,12,1.0,CR,CR,CR,0,0,0,2,16,16,12,0,0,1,0,1,0,0,0,0,1,0,1,,16,0,1.0,CR,CR,CR,CR,CR,True,CR,True,CR,True,True,1,1,0.9392677087073756,0.9,0.74,1.0,0.3,0.895,0.25,0.025,0.9,0.5625,0.912875,1.0,0.0,0.0,1.0,3,1.0,3.7721983056991313,Clarified
37,Byron Katie,2,2,3,4,3,3,4,12,V,G,Growth/Global,4,14,11,0.75,CR,CR,CR,0,0,0,1,12,14,11,0,0,1,0,1,0,0,0,0,1,0,1,,12,2,1.166666666666667,CR,MR,CR,CR,CR,True,MR,False,CR,True,True,1,1,0.9281434166896978,0.7928571428571429,0.76,0.8571428571428571,0.4,0.97,0.25,0.0125,0.6795918367346939,0.4955357142857143,0.8528380102040817,1.0,0.0,0.0,1.0,3,1.0,3.7721983056991313,Clarified
38,C.S. Lewis,1,1,4,4,3,4,4,16,N,B,Biological/Individual,4,13,9,1.0,MR,MR,MR,0,0,0,2,16,13,9,0,0,1,0,1,0,0,0,0,0,0,0,,16,-3,0.8125,MR,CR,MR,MR,MR,True,CR,False,MR,True,True,1,1,0.9237567390419986,0.8368421052631579,0.5475,1.0,0.3,0.7750000000000001,0.25,0.025,0.8368421052631579,0.5230263157894737,0.8315065789473685,3.0,0.0,0.0,3.0,1,0.0,-0.0557107271152375,Steady
39,Cardinal Richelieu,2,3,3,3,3,4,3,12,N,B,Biological/Individual,3,14,10,0.75,MR,MR,MR,0,0,0,1,12,14,10,0,0,1,0,0,0,0,0,0,0,0,0,,12,2,1.166666666666667,MR,MR,MR,MR,MR,True,MR,True,MR,True,True,1,1,0.9097268412605143,0.7928571428571429,0.485,0.8571428571428571,0.4,0.8200000000000001,0.225,0.0125,0.6795918367346939,0.4856250000000001,0.7701014030612244,1.0,0.0,0.0,1.0,1,0.0,1.7721983056991313,Clarified
40,Carl Jung,2,2,4,4,4,4,3,12,V,L,Loss/Limitation,4,16,12,0.75,SR,SR,SR,0,0,0,2,12,16,12,0,0,1,0,0,0,0,0,0,0,0,0,,12,4,1.333333333333333,SR,MR,SR,SR,SR,True,MR,False,SR,True,True,1,1,0.9077109088402335,0.8,0.6025,0.75,0.3,0.97,0.225,0.025,0.6000000000000001,0.49000000000000005,0.7620000000000001,2.0,0.0,0.0,2.0,3,0.0,2.858243789291947,Clarified
41,Carl Linnaeus,1,1,4,2,2,4,4,16,D,G,Growth/Global,4,10,6,1.0,PR,PR,PR,0,0,0,1,16,10,6,0,0,1,0,1,0,1,0,0,0,1,1,,16,-6,0.625,PR,CR,PR,PR,PR,True,CR,False,PR,True,True,1,1,0.936706036623394,0.740909090909091,0.78,1.0,0.4,0.8350000000000001,0.4,0.0125,0.740909090909091,0.5186363636363637,0.8981931818181818,3.0,0.0,0.0,3.0,2,1.0,0.9442892728847625,Clarified
42,Catherine of Genoa,2,2,2,4,4,3,4,12,V,B,Biological/Individual,4,14,11,0.75,SR,SR,SR,0,0,0,2,12,14,11,0,0,1,0,1,0,0,0,0,0,0,0,,12,2,1.166666666666667,SR,MR,SR,SR,SR,True,MR,False,SR,True,True,1,1,0.9200786269762683,0.8428571428571429,0.5675,0.8571428571428571,0.3,0.97,0.25,0.025,0.7224489795918367,0.5267857142857143,0.8144719387755102,0.0,0.0,0.0,0.0,3,0.0,4.686152822106315,Clarified
43,Catherine of Siena,3,2,2,4,4,3,3,9,V,J,Journey/Transmission,4,15,12,0.56,SR,SR,SR,0,0,0,2,9,15,12,0,0,0,0,0,0,0,0,0,0,0,0,0.0,9,6,1.666666666666667,SR,SR,SR,SR,SR,True,SR,True,SR,True,True,1,1,0.8847689709736145,0.74,0.7075,0.6,0.3,0.97,0.07500000000000001,0.025,0.444,0.39775,0.6794625,1.0,0.0,0.0,1.0,3,0.0,3.7721983056991313,Clarified
44,Charles Babbage,1,2,4,2,2,4,3,12,D,B,Biological/Individual,3,11,7,0.75,PR,PR,PR,0,0,0,1,12,11,7,0,0,1,0,0,0,1,0,0,0,1,1,,12,-1,0.9166666666666666,PR,MR,PR,PR,PR,True,MR,False,PR,True,True,1,1,0.9317655851951696,0.8192307692307692,0.525,1.0,0.4,0.82,0.375,0.0125,0.8192307692307692,0.5632211538461538,0.8713774038461538,3.0,0.0,0.0,3.0,2,1.0,0.9442892728847625,Clarified
45,Charles Darwin,1,1,4,3,2,4,4,16,N,G,Growth/Global,4,11,7,1.0,PR,PR,PR,0,0,0,1,16,11,7,0,0,1,0,1,0,1,0,0,0,1,1,,16,-5,0.6875,PR,CR,PR,PR,PR,True,CR,False,PR,True,True,1,1,0.934649757312744,0.7547619047619049,0.74,1.0,0.4,0.7750000000000001,0.4,0.0125,0.7547619047619049,0.5283333333333333,0.8868035714285716,3.0,0.0,0.0,3.0,2,1.0,0.9442892728847625,Clarified
46,Charles Manson,1,3,1,4,2,2,1,2,T,C,Chaos/Fragmentation,4,11,9,0.12,FR,FR,FR,1,1,0,3,2,11,9,1,0,0,1,0,1,0,1,1,0,0,0,,2,9,5.5,FR,FR,FR,FR,FR,True,FR,True,FR,True,True,0,0,0.460410973922466,0.6227272727272728,0.37,0.18181818181818182,0.0,0.76,-0.9083333333333333,0.9208333333333334,0.11322314049586778,0.028541666666666674,-0.052896091597796124,0.0,1.0,2.0,3.0,0,0.0,-1.0557107271152375,Deteriorated
47,Charles Steinmetz,4,2,4,3,2,4,4,16,S,L,Loss/Limitation,3,15,11,1.0,PR,PR,PR,0,0,0,1,16,15,11,0,0,1,0,1,0,1,0,0,0,1,1,,16,-1,0.9375,PR,CR,PR,PR,PR,True,CR,False,PR,True,True,1,1,0.9324241265402624,0.8264705882352942,0.49,1.0,0.4,0.835,0.4,0.0125,0.8264705882352942,0.5785294117647058,0.8748455882352941,0.0,0.0,0.0,0.0,2,1.0,3.6861528221063153,Clarified
48,Chris McCandless,2,4,2,4,3,2,2,4,T,C,Chaos/Fragmentation,4,15,13,0.25,FR,FR,FR,1,1,0,2,4,15,13,1,0,0,1,0,1,0,1,1,0,0,0,,4,11,3.75,FR,FR,FR,FR,FR,True,FR,True,FR,True,True,0,0,0.49856042064451034,0.6066666666666667,0.37,0.26666666666666666,0.0,0.8799999999999999,-0.8833333333333333,0.9083333333333334,0.16177777777777777,0.0353888888888889,-0.0019194444444445014,0.0,1.0,2.0,3.0,0,0.0,-1.0557107271152375,Deteriorated
49,Christy Brown,4,2,3,3,3,4,4,16,S,L,Loss/Limitation,4,15,11,1.0,SR,SR,SR,0,0,0,1,16,15,11,0,0,1,0,1,0,0,0,0,0,0,0,,16,-1,0.9375,SR,CR,SR,SR,SR,True,CR,False,SR,True,True,1,1,0.930886892785081,0.8264705882352942,0.5525,1.0,0.4,0.9099999999999999,0.25,0.0125,0.8264705882352942,0.5165441176470589,0.866797794117647,1.0,0.0,0.0,1.0,3,0.0,3.7721983056991313,Clarified
50,Coco Chanel,1,3,4,3,3,4,3,12,D,G,Growth/Global,4,14,10,0.75,PR,PR,PR,0,0,0,1,12,14,10,0,0,1,0,0,0,1,0,0,0,1,1,,12,2,1.166666666666667,PR,MR,PR,PR,PR,True,MR,False,PR,True,True,1,1,0.9318406284163492,0.7928571428571429,0.78,0.8571428571428571,0.4,0.8949999999999999,0.375,0.0125,0.6795918367346939,0.5450892857142857,0.8717710459183674,3.0,0.0,0.0,3.0,2,1.0,0.9442892728847625,Clarified
51,Confucius,1,3,3,4,3,4,4,16,N,J,Journey/Transmission,4,14,10,1.0,MR,MR,MR,0,0,0,1,16,14,10,0,0,1,0,1,0,0,0,0,0,0,0,,16,-2,0.875,MR,CR,MR,MR,MR,True,CR,False,MR,True,True,1,1,0.9323232881566625,0.8055555555555556,0.6875,1.0,0.4,0.835,0.25,0.0125,0.8055555555555556,0.5034722222222222,0.8743124999999999,2.0,0.0,0.0,2.0,1,0.0,0.8582437892919468,Clarified
52,Copernicus,1,2,4,2,3,4,4,16,D,G,Growth/Global,4,12,8,1.0,PR,PR,PR,0,0,0,1,16,12,8,0,0,1,0,1,0,1,0,0,0,1,1,,16,-4,0.75,PR,CR,PR,PR,PR,True,CR,False,PR,True,True,1,1,0.9403032584443721,0.7700000000000001,0.78,1.0,0.4,0.8949999999999999,0.4,0.0125,0.7700000000000001,0.539,0.9189750000000001,3.0,0.0,0.0,3.0,2,1.0,0.9442892728847625,Clarified
53,Dag Hammarskjöld,1,4,3,4,4,4,4,16,N,G,Growth/Global,4,16,12,1.0,MR,MR,MR,0,0,0,1,16,16,12,0,0,1,0,1,0,0,0,0,0,0,0,,16,0,1.0,MR,CR,MR,MR,MR,True,CR,False,MR,True,True,1,1,0.9374347709225683,0.8500000000000001,0.74,1.0,0.4,0.835,0.25,0.0125,0.8500000000000001,0.53125,0.9023125000000001,2.0,0.0,0.0,2.0,1,0.0,0.8582437892919468,Clarified
54,Daniel Tammet,4,1,4,3,3,3,4,12,X,L,Loss/Limitation,4,15,12,0.75,SR,SR,SR,0,0,0,1,12,15,12,0,0,1,0,1,0,1,0,0,0,0,0,,12,3,1.25,SR,MR,SR,SR,SR,True,MR,False,SR,True,True,1,1,0.9228898521951431,0.7700000000000001,0.6425000000000001,0.8,0.4,0.94,0.4,0.0125,0.6160000000000001,0.539,0.827425,0.0,0.0,0.0,0.0,3,0.0,4.686152822106315,Clarified
55,Dante,1,3,4,4,4,4,4,16,V,B,Biological/Individual,4,16,12,1.0,SR,SR,SR,0,0,0,3,16,16,12,0,0,1,0,1,0,0,0,0,0,0,0,,16,0,1.0,SR,CR,SR,SR,SR,True,CR,False,SR,True,True,1,1,0.9337988056998373,0.9500000000000001,0.5675,1.0,0.19999999999999996,0.9099999999999999,0.25,0.037500000000000006,0.9500000000000001,0.59375,0.8821875,3.0,0.0,0.0,3.0,3,0.0,1.9442892728847625,Clarified
56,David Ditchfield,4,1,1,4,4,3,3,9,X,J,Journey/Transmission,4,14,11,0.56,SR,SR,SR,0,0,0,1,9,14,11,0,0,0,0,0,0,0,0,0,0,0,0,,9,5,1.555555555555556,SR,CR,SR,SR,SR,True,CR,False,SR,True,True,1,1,0.8899790796245662,0.7071428571428572,0.7475,0.6428571428571429,0.4,0.8800000000000001,0.07500000000000001,0.0125,0.45459183673469394,0.38008928571428574,0.6968424744897961,3.0,0.0,0.0,3.0,3,0.0,1.9442892728847625,Clarified
57,David Koresh,1,2,2,4,2,2,1,2,V,C,Chaos/Fragmentation,4,11,9,0.12,FR,FR,FR,1,1,0,1,2,11,9,1,0,0,1,0,1,0,1,1,0,0,0,,2,9,5.5,FR,FR,FR,FR,FR,True,FR,True,FR,True,True,0,0,0.48839961564840645,0.5227272727272728,0.41000000000000003,0.18181818181818182,0.10000000000000003,0.9099999999999999,-0.9083333333333333,0.8958333333333334,0.0950413223140496,0.02395833333333334,-0.015469955234159727,1.0,1.0,2.0,4.0,0,0.0,-1.969665243522422,Deteriorated
58,Derek Amato,4,1,2,3,4,3,3,9,X,L,Loss/Limitation,4,14,11,0.56,SR,SR,SR,0,0,0,1,9,14,11,0,0,0,0,0,0,0,0,0,0,0,0,,9,5,1.555555555555556,SR,SR,SR,SR,SR,True,SR,True,SR,True,True,1,1,0.8864042909239573,0.7071428571428572,0.6425000000000001,0.6428571428571429,0.4,0.94,0.07500000000000001,0.0125,0.45459183673469394,0.38008928571428574,0.684842474489796,2.0,0.0,0.0,2.0,3,0.0,2.858243789291947,Clarified
59,Dietrich Bonhoeffer,1,4,4,4,3,4,4,16,T,J,Journey/Transmission,4,16,12,1.0,MR,MR,MR,0,0,0,2,16,16,12,0,0,1,0,1,0,0,0,0,0,0,0,,16,0,1.0,MR,CR,MR,MR,MR,True,CR,False,MR,True,True,1,1,0.9347086308073314,0.9,0.6675,1.0,0.3,0.8199999999999998,0.25,0.025,0.9,0.5625,0.887125,3.0,0.0,0.0,3.0,1,0.0,-0.0557107271152375,Steady
60,Dmitri Mendeleev,1,1,4,2,3,4,4,16,D,G,Growth/Global,4,11,7,1.0,PR,PR,PR,0,0,0,1,16,11,7,0,0,1,0,1,0,1,0,0,0,1,1,,16,-5,0.6875,PR,CR,PR,PR,PR,True,CR,False,PR,True,True,1,1,0.9376966158149217,0.7547619047619049,0.78,1.0,0.4,0.8350000000000001,0.4,0.0125,0.7547619047619049,0.5283333333333333,0.9038035714285715,3.0,0.0,0.0,3.0,2,1.0,0.9442892728847625,Clarified
61,Dorothy Day,1,2,3,4,4,3,4,12,T,G,Growth/Global,4,14,11,0.75,MR,MR,MR,0,0,0,1,12,14,11,0,0,1,0,1,0,0,0,0,0,0,0,,12,2,1.166666666666667,MR,MR,MR,MR,MR,True,MR,True,MR,True,True,1,1,0.921796784806188,0.7928571428571429,0.72,0.8571428571428571,0.4,0.8199999999999998,0.25,0.0125,0.6795918367346939,0.4955357142857143,0.8223380102040815,2.0,0.0,0.0,2.0,1,0.0,0.8582437892919468,Clarified
62,Eben Alexander,4,1,1,4,4,3,4,12,X,J,Journey/Transmission,4,14,11,0.75,CR,CR,CR,0,0,0,1,12,14,11,0,0,1,0,1,0,0,0,0,1,0,1,,12,2,1.166666666666667,CR,MR,CR,CR,CR,True,MR,False,CR,True,True,1,1,0.9248756135324157,0.7928571428571429,0.7475,0.8571428571428571,0.4,0.8800000000000001,0.25,0.0125,0.6795918367346939,0.4955357142857143,0.8368380102040817,3.0,0.0,0.0,3.0,3,1.0,1.9442892728847625,Clarified
63,Eckhart Tolle,2,2,3,4,4,3,4,12,N,J,Journey/Transmission,4,15,12,0.75,CR,CR,CR,0,0,0,1,12,15,12,0,0,1,0,1,0,0,0,0,1,0,1,,12,3,1.25,CR,MR,CR,CR,CR,True,MR,False,CR,True,True,1,1,0.9164863819932403,0.7700000000000001,0.6875,0.8,0.4,0.895,0.25,0.0125,0.6160000000000001,0.48125000000000007,0.7985125000000001,1.0,0.0,0.0,1.0,3,1.0,3.7721983056991313,Clarified
64,Edgar Allan Poe,3,2,4,3,4,2,2,4,S,L,Loss/Limitation,3,16,14,0.25,SR,SR,SR,0,0,0,1,4,16,14,0,0,0,1,0,1,1,0,0,0,0,0,,4,12,4.0,SR,FR,SR,SR,SR,True,FR,False,SR,True,True,1,1,0.7289397578563546,0.55,0.49,0.25,0.2,0.835,-0.09999999999999998,0.3125,0.1375,0.24750000000000003,0.32975000000000004,1.0,1.0,0.0,2.0,3,0.0,2.858243789291947,Clarified
65,Edith Stein,1,3,4,4,4,4,4,16,T,J,Journey/Transmission,4,16,12,1.0,MR,MR,MR,0,0,0,1,16,16,12,0,0,1,0,1,0,0,0,0,0,0,0,,16,0,1.0,MR,CR,MR,MR,MR,True,CR,False,MR,True,True,1,1,0.9344219765632626,0.8500000000000001,0.6675,1.0,0.4,0.8199999999999998,0.25,0.0125,0.8500000000000001,0.53125,0.8855625,3.0,0.0,0.0,3.0,1,0.0,-0.0557107271152375,Steady
66,Elie Wiesel,3,4,3,4,3,3,4,12,T,J,Journey/Transmission,4,17,14,0.75,MR,MR,MR,0,0,0,1,12,17,14,0,0,1,0,1,0,0,0,0,0,0,0,,12,5,1.416666666666667,MR,MR,MR,MR,MR,True,MR,True,MR,True,True,1,1,0.9036981237921842,0.7323529411764707,0.6675,0.7058823529411765,0.4,0.8799999999999999,0.25,0.0125,0.5169550173010381,0.45772058823529416,0.746335856401384,0.0,0.0,0.0,0.0,1,0.0,2.6861528221063153,Clarified
67,Elizabeth Cady Stanton,1,3,4,4,2,4,4,16,T,G,Growth/Global,4,14,10,1.0,MR,MR,MR,0,0,0,2,16,14,10,0,0,1,0,1,0,0,0,0,0,0,0,,16,-2,0.875,MR,CR,MR,MR,MR,True,CR,False,MR,True,True,1,1,0.9334152749131088,0.8555555555555555,0.72,1.0,0.3,0.8199999999999998,0.25,0.025,0.8555555555555555,0.5347222222222222,0.8801249999999999,3.0,0.0,0.0,3.0,1,0.0,-0.0557107271152375,Steady
68,Elon Musk,1,1,4,3,2,4,2,8,N,G,Growth/Global,3,11,7,0.5,PR,PR,PR,0,0,0,2,8,11,7,0,0,0,0,0,0,1,0,0,0,1,1,,8,3,1.375,PR,FR,PR,PR,PR,True,FR,False,PR,True,True,1,1,0.8966047201991241,0.7909090909090909,0.6775,0.7272727272727273,0.3,0.7,0.2,0.025,0.575206611570248,0.4745454545454545,0.7200185950413224,3.0,0.0,0.0,3.0,2,1.0,0.9442892728847625,Clarified
69,Emanuel Swedenborg,2,1,4,4,4,3,3,9,V,J,Journey/Transmission,4,15,12,0.56,SR,SR,SR,0,0,0,1,9,15,12,0,0,0,0,0,0,0,0,0,0,0,0,0.0,9,6,1.666666666666667,SR,SR,SR,SR,SR,True,SR,True,SR,True,True,1,1,0.8829501415965025,0.6900000000000001,0.7075,0.6,0.4,0.9099999999999999,0.07500000000000001,0.0125,0.41400000000000003,0.370875,0.67355625,2.0,0.0,0.0,2.0,3,0.0,2.858243789291947,Clarified
70,Emperor Constantine,1,2,2,3,4,3,3,9,V,J,Journey/Transmission,4,12,9,0.56,MR,MR,MR,0,0,0,1,9,12,9,0,0,0,0,0,0,0,0,0,0,0,0,4.0,9,3,1.333333333333333,MR,SR,MR,MR,MR,True,SR,False,MR,True,True,1,1,0.9131153827265873,0.7500000000000001,0.9075000000000001,0.75,0.4,0.9099999999999999,0.07500000000000001,0.0125,0.5625000000000001,0.40312500000000007,0.78409375,1.0,0.0,0.0,1.0,1,0.0,1.7721983056991313,Clarified
71,Ernest Shackleton,2,4,2,3,2,4,4,16,N,G,Growth/Global,3,13,9,1.0,MR,MR,MR,0,0,0,1,16,13,9,0,0,1,0,1,0,0,0,0,0,0,0,,16,-3,0.8125,MR,CR,MR,MR,MR,True,CR,False,MR,True,True,1,1,0.930090623024887,0.786842105263158,0.6775,1.0,0.4,0.8200000000000001,0.25,0.0125,0.786842105263158,0.4917763157894738,0.8626940789473685,0.0,0.0,0.0,0.0,1,0.0,2.6861528221063153,Clarified
72,Erwin Schrödinger,1,1,4,2,3,4,4,16,D,G,Growth/Global,4,11,7,1.0,PR,PR,PR,0,0,0,1,16,11,7,0,0,1,0,1,0,1,0,0,0,1,1,,16,-5,0.6875,PR,CR,PR,PR,PR,True,CR,False,PR,True,True,1,1,0.9376966158149217,0.7547619047619049,0.78,1.0,0.4,0.8350000000000001,0.4,0.0125,0.7547619047619049,0.5283333333333333,0.9038035714285715,3.0,0.0,0.0,3.0,2,1.0,0.9442892728847625,Clarified
73,Eugenia Ginzburg,3,4,3,4,3,4,4,16,T,J,Journey/Transmission,4,17,13,1.0,MR,MR,MR,0,0,0,2,16,17,13,0,0,1,0,1,0,0,0,0,0,0,0,,16,1,1.0625,MR,CR,MR,MR,MR,True,CR,False,MR,True,True,1,1,0.9304972311226053,0.8764705882352941,0.6675,0.9411764705882353,0.3,0.8799999999999999,0.25,0.025,0.8249134948096886,0.5477941176470589,0.864784169550173,0.0,0.0,0.0,0.0,1,0.0,2.6861528221063153,Clarified
74,Evelyn Underhill,3,2,3,3,4,3,4,12,S,L,Loss/Limitation,3,15,12,0.75,SR,SR,SR,0,0,0,2,12,15,12,0,0,1,0,1,0,0,0,0,0,0,0,,12,3,1.25,SR,MR,SR,SR,SR,True,MR,False,SR,True,True,1,1,0.90454049946601,0.8200000000000001,0.49,0.8,0.3,0.835,0.25,0.025,0.6560000000000001,0.5125000000000001,0.7495750000000002,0.0,0.0,0.0,0.0,3,0.0,4.686152822106315,Clarified
75,Ezekiel,1,2,2,3,4,3,3,9,V,J,Journey/Transmission,4,12,9,0.56,SR,SR,SR,0,0,0,1,9,12,9,0,0,0,0,0,0,0,0,0,0,0,0,0.0,9,3,1.333333333333333,MR,SR,SR,SR,MR,False,SR,True,SR,True,False,1,1,0.9031111552197617,0.7500000000000001,0.7075,0.75,0.4,0.9099999999999999,0.07500000000000001,0.0125,0.5625000000000001,0.40312500000000007,0.74409375,1.0,0.0,0.0,1.0,3,0.0,3.7721983056991313,Clarified
76,Flannery O'Connor,4,2,3,3,4,3,4,12,S,L,Loss/Limitation,4,16,13,0.75,SR,SR,SR,0,0,0,1,12,16,13,0,0,1,0,1,0,0,0,0,0,0,0,,12,4,1.333333333333333,SR,MR,SR,SR,SR,True,MR,False,SR,True,True,1,1,0.9044400738801036,0.7500000000000001,0.5525,0.75,0.4,0.9099999999999999,0.25,0.0125,0.5625000000000001,0.46875000000000006,0.7491875,1.0,0.0,0.0,1.0,3,0.0,3.7721983056991313,Clarified
77,Florence Nightingale,2,3,3,4,3,4,4,16,T,G,Growth/Global,4,15,11,1.0,MR,MR,MR,0,0,0,1,16,15,11,0,0,1,0,1,0,0,0,0,0,0,0,,16,-1,0.9375,MR,CR,MR,MR,MR,True,CR,False,MR,True,True,1,1,0.9362786451344554,0.8264705882352942,0.72,1.0,0.4,0.8799999999999999,0.25,0.0125,0.8264705882352942,0.5165441176470589,0.895797794117647,1.0,0.0,0.0,1.0,1,0.0,1.7721983056991313,Clarified
78,Francis of Assisi,2,2,2,4,4,4,4,16,V,G,Growth/Global,4,14,10,1.0,MR,MR,MR,0,0,0,2,16,14,10,0,0,1,0,1,0,0,0,0,0,0,0,,16,-2,0.875,MR,CR,MR,MR,MR,True,CR,False,MR,True,True,1,1,0.9388815189083217,0.8555555555555555,0.76,1.0,0.3,0.97,0.25,0.025,0.8555555555555555,0.5347222222222222,0.910625,0.0,0.0,0.0,0.0,1,0.0,2.6861528221063153,Clarified
79,Franco Magnani,4,1,2,3,3,2,3,6,S,L,Loss/Limitation,4,13,11,0.38,SR,SR,SR,1,0,0,1,6,13,11,0,0,0,1,0,0,0,0,0,0,0,0,,6,7,2.166666666666667,SR,SR,SR,SR,SR,True,SR,True,SR,True,True,1,1,0.8059243814044509,0.6346153846153847,0.5525,0.46153846153846156,0.30000000000000004,0.8499999999999999,-0.10833333333333331,0.19583333333333333,0.2928994082840237,0.28293269230769236,0.474580682938856,2.0,0.0,1.0,3.0,3,0.0,1.9442892728847625,Clarified
80,Franklin D. Roosevelt,4,2,2,3,2,4,4,16,S,B,Biological/Individual,4,13,9,1.0,MR,MR,MR,0,0,0,1,16,13,9,0,0,1,0,1,0,0,0,0,0,0,0,,16,-3,0.8125,MR,CR,MR,MR,MR,True,CR,False,MR,True,True,1,1,0.9263946239791733,0.786842105263158,0.5175,1.0,0.4,0.9099999999999999,0.25,0.0125,0.786842105263158,0.4917763157894738,0.8441940789473684,2.0,0.0,0.0,2.0,1,0.0,0.8582437892919468,Clarified
81,Frederick Douglass,2,3,4,4,2,4,4,16,T,G,Growth/Global,4,15,11,1.0,MR,MR,MR,0,0,0,2,16,15,11,0,0,1,0,1,0,0,0,0,0,0,0,,16,-1,0.9375,MR,CR,MR,MR,MR,True,CR,False,MR,True,True,1,1,0.9365577345439753,0.8764705882352941,0.72,1.0,0.3,0.8799999999999999,0.25,0.025,0.8764705882352941,0.5477941176470589,0.897360294117647,2.0,0.0,0.0,2.0,1,0.0,0.8582437892919468,Clarified
82,Frida Kahlo,4,2,2,4,3,3,3,9,S,B,Biological/Individual,4,15,12,0.56,SR,SR,SR,0,0,0,1,9,15,12,0,0,0,0,0,0,0,0,0,0,0,0,,9,6,1.666666666666667,SR,SR,SR,SR,SR,True,SR,True,SR,True,True,1,1,0.8706444364848421,0.6900000000000001,0.5175,0.6,0.4,0.9099999999999999,0.07500000000000001,0.0125,0.41400000000000003,0.370875,0.6355562499999999,2.0,0.0,0.0,2.0,3,0.0,2.858243789291947,Clarified
83,Fridtjof Nansen,2,4,4,3,2,4,4,16,N,G,Growth/Global,3,15,11,1.0,PR,PR,PR,0,0,0,2,16,15,11,0,0,1,0,1,0,1,0,0,0,1,1,,16,-1,0.9375,PR,CR,PR,PR,PR,True,CR,False,PR,True,True,1,1,0.9391556215222724,0.8764705882352941,0.6775,1.0,0.3,0.8200000000000001,0.4,0.025,0.8764705882352941,0.6135294117647059,0.9122205882352943,2.0,0.0,0.0,2.0,2,1.0,1.8582437892919468,Clarified
84,Friedrich Nietzsche,4,2,4,4,3,2,1,2,S,C,Chaos/Fragmentation,3,17,15,0.12,FR,FR,FR,1,1,0,3,2,17,15,1,0,0,1,0,1,0,1,1,0,0,0,,2,15,8.5,FR,FR,FR,FR,FR,True,FR,True,FR,True,True,0,0,0.4400499227558708,0.5970588235294119,0.2975,0.11764705882352941,0.0,0.835,-0.9083333333333333,0.9208333333333334,0.07024221453287198,0.02736519607843138,-0.08031981689734718,0.0,1.0,2.0,3.0,0,0.0,-1.0557107271152375,Deteriorated
85,Fyodor Dostoevsky,3,3,3,4,3,3,4,12,N,B,Biological/Individual,4,16,13,0.75,MR,MR,MR,0,0,0,3,12,16,13,0,0,1,0,1,0,0,0,0,0,0,0,,12,4,1.333333333333333,MR,MR,MR,MR,MR,True,MR,True,MR,True,True,1,1,0.9031029516538159,0.8500000000000001,0.5475,0.75,0.19999999999999996,0.895,0.25,0.037500000000000006,0.6375000000000001,0.53125,0.7440625000000001,0.0,0.0,0.0,0.0,1,0.0,2.6861528221063153,Clarified
86,Galileo Galilei,1,3,4,3,2,4,4,16,D,G,Growth/Global,4,13,9,1.0,PR,PR,PR,0,0,0,1,16,13,9,0,0,1,0,1,0,1,0,0,0,1,1,,16,-3,0.8125,PR,CR,PR,PR,PR,True,CR,False,PR,True,True,1,1,0.9414416213501711,0.786842105263158,0.78,1.0,0.4,0.8949999999999999,0.4,0.0125,0.786842105263158,0.5507894736842106,0.925796052631579,3.0,0.0,0.0,3.0,2,1.0,0.9442892728847625,Clarified
87,Gemma Galgani,4,2,1,4,4,3,3,9,S,J,Journey/Transmission,4,15,12,0.56,SR,SR,SR,0,0,0,1,9,15,12,0,0,0,0,0,0,0,0,0,0,0,0,,9,6,1.666666666666667,SR,SR,SR,SR,SR,True,SR,True,SR,True,True,1,1,0.876929447165602,0.6900000000000001,0.6575,0.6,0.4,0.8499999999999999,0.07500000000000001,0.0125,0.41400000000000003,0.370875,0.65455625,3.0,0.0,0.0,3.0,3,0.0,1.9442892728847625,Clarified
88,George Boole,1,1,4,2,2,4,4,16,D,G,Growth/Global,4,10,6,1.0,PR,PR,PR,0,0,0,1,16,10,6,0,0,1,0,1,0,1,0,0,0,1,1,,16,-6,0.625,PR,CR,PR,PR,PR,True,CR,False,PR,True,True,1,1,0.936706036623394,0.740909090909091,0.78,1.0,0.4,0.8350000000000001,0.4,0.0125,0.740909090909091,0.5186363636363637,0.8981931818181818,3.0,0.0,0.0,3.0,2,1.0,0.9442892728847625,Clarified
89,George de Mestral,1,1,4,2,2,4,4,16,D,G,Growth/Global,3,10,6,1.0,PR,PR,PR,0,0,0,1,16,10,6,0,0,1,0,1,0,1,0,0,0,1,1,,16,-6,0.625,PR,CR,PR,PR,PR,True,CR,False,PR,True,True,1,1,0.9323480206896563,0.740909090909091,0.7175,1.0,0.4,0.76,0.4,0.0125,0.740909090909091,0.5186363636363637,0.8744431818181818,3.0,0.0,0.0,3.0,2,1.0,0.9442892728847625,Clarified
90,George Fox,1,2,2,4,4,3,4,12,V,J,Journey/Transmission,4,13,10,0.75,MR,MR,MR,0,0,0,1,12,13,10,0,0,1,0,1,0,0,0,0,0,0,0,,12,1,1.083333333333333,MR,MR,MR,MR,MR,True,MR,True,MR,True,True,1,1,0.9309179908583628,0.8192307692307693,0.7075,0.9230769230769231,0.4,0.9099999999999999,0.25,0.0125,0.7562130177514794,0.5120192307692308,0.866958949704142,1.0,0.0,0.0,1.0,1,0.0,1.7721983056991313,Clarified
91,George Frideric Handel,4,2,2,3,4,3,4,12,S,L,Loss/Limitation,4,15,12,0.75,SR,SR,SR,0,0,0,1,12,15,12,0,0,1,0,1,0,0,0,0,0,0,0,,12,3,1.25,SR,MR,SR,SR,SR,True,MR,False,SR,True,True,1,1,0.910624782213122,0.7700000000000001,0.5525,0.8,0.4,0.9099999999999999,0.25,0.0125,0.6160000000000001,0.48125000000000007,0.7737625,2.0,0.0,0.0,2.0,3,0.0,2.858243789291947,Clarified
92,George Gurdjieff,3,3,3,4,4,4,3,12,H,B,Biological/Individual,4,17,13,0.75,CR,CR,CR,0,0,0,3,12,17,13,0,0,1,0,0,0,0,0,0,1,0,1,,12,5,1.416666666666667,CR,MR,CR,CR,CR,True,MR,False,CR,True,True,1,1,0.8914175857035461,0.8323529411764706,0.5075,0.7058823529411765,0.19999999999999996,0.85,0.225,0.037500000000000006,0.5875432525951558,0.5098161764705883,0.7017678416955018,0.0,0.0,0.0,0.0,3,1.0,4.686152822106315,Clarified
93,George Orwell,3,3,4,4,2,3,4,12,T,G,Growth/Global,4,16,13,0.75,MR,MR,MR,0,0,0,3,12,16,13,0,0,1,0,1,0,0,0,0,0,0,0,,12,4,1.333333333333333,MR,MR,MR,MR,MR,True,MR,True,MR,True,True,1,1,0.9112454422744423,0.8500000000000001,0.72,0.75,0.19999999999999996,0.8799999999999999,0.25,0.037500000000000006,0.6375000000000001,0.53125,0.7763125,1.0,0.0,0.0,1.0,1,0.0,1.7721983056991313,Clarified
94,George Washington,1,3,3,4,2,4,4,16,N,B,Biological/Individual,3,13,9,1.0,MR,MR,MR,0,0,0,1,16,13,9,0,0,1,0,1,0,0,0,0,0,0,0,,16,-3,0.8125,MR,CR,MR,MR,MR,True,CR,False,MR,True,True,1,1,0.9202377875189814,0.786842105263158,0.485,1.0,0.4,0.76,0.25,0.0125,0.786842105263158,0.4917763157894738,0.8151940789473684,2.0,0.0,0.0,2.0,1,0.0,0.8582437892919468,Clarified
95,George Washington Carver,1,3,4,4,3,4,4,16,N,G,Growth/Global,4,15,11,1.0,PR,PR,PR,0,0,0,2,16,15,11,0,0,1,0,1,0,0,0,0,0,1,1,,16,-1,0.9375,PR,CR,PR,PR,PR,True,CR,False,PR,True,True,1,1,0.9360657723914058,0.8764705882352941,0.74,1.0,0.3,0.835,0.25,0.025,0.8764705882352941,0.5477941176470589,0.894610294117647,3.0,0.0,0.0,3.0,2,1.0,0.9442892728847625,Clarified
96,Geronimo,1,4,2,4,3,3,3,9,V,J,Journey/Transmission,4,14,11,0.56,MR,MR,MR,0,0,0,2,9,14,11,0,0,0,0,0,0,0,0,0,0,0,0,,9,5,1.555555555555556,MR,MR,MR,MR,MR,True,MR,True,MR,True,True,1,1,0.8881549597348115,0.7571428571428571,0.7075,0.6428571428571429,0.3,0.9099999999999999,0.07500000000000001,0.025,0.48673469387755103,0.40696428571428567,0.6906772959183674,1.0,0.0,0.0,1.0,1,0.0,1.7721983056991313,Clarified
97,Grace Hopper,1,1,4,2,2,4,4,16,D,G,Growth/Global,4,10,6,1.0,PR,PR,PR,0,0,0,1,16,10,6,0,0,1,0,1,0,1,0,0,0,1,1,,16,-6,0.625,PR,CR,PR,PR,PR,True,CR,False,PR,True,True,1,1,0.936706036623394,0.740909090909091,0.78,1.0,0.4,0.8350000000000001,0.4,0.0125,0.740909090909091,0.5186363636363637,0.8981931818181818,3.0,0.0,0.0,3.0,2,1.0,0.9442892728847625,Clarified
98,Gregor Mendel,1,2,4,2,2,4,4,16,D,G,Growth/Global,4,11,7,1.0,PR,PR,PR,0,0,0,1,16,11,7,0,0,1,0,1,0,1,0,0,0,1,1,,16,-5,0.6875,PR,CR,PR,PR,PR,True,CR,False,PR,True,True,1,1,0.939255483868123,0.7547619047619049,0.78,1.0,0.4,0.8949999999999999,0.4,0.0125,0.7547619047619049,0.5283333333333333,0.9128035714285714,3.0,0.0,0.0,3.0,2,1.0,0.9442892728847625,Clarified
99,Harriet Martineau,4,2,4,3,2,4,4,16,S,L,Loss/Limitation,3,15,11,1.0,PR,PR,PR,0,0,0,1,16,15,11,0,0,1,0,1,0,1,0,0,0,1,1,,16,-1,0.9375,PR,CR,PR,PR,PR,True,CR,False,PR,True,True,1,1,0.9324241265402624,0.8264705882352942,0.49,1.0,0.4,0.835,0.4,0.0125,0.8264705882352942,0.5785294117647058,0.8748455882352941,0.0,0.0,0.0,0.0,2,1.0,3.6861528221063153,Clarified
100,Harriet Tubman,4,3,2,4,3,4,4,16,N,B,Biological/Individual,4,16,12,1.0,MR,MR,MR,0,0,0,2,16,16,12,0,0,1,0,1,0,0,0,0,0,0,0,,16,0,1.0,MR,CR,MR,MR,MR,True,CR,False,MR,True,True,1,1,0.9323351178054313,0.9,0.5475,1.0,0.3,0.895,0.25,0.025,0.9,0.5625,0.874375,2.0,0.0,0.0,2.0,1,0.0,0.8582437892919468,Clarified
101,Haruki Murakami,1,1,4,3,3,4,4,16,D,G,Growth/Global,4,12,8,1.0,SR,SR,SR,0,0,0,1,16,12,8,0,0,1,0,1,0,1,0,0,0,0,0,,16,-4,0.75,SR,CR,SR,SR,SR,True,CR,False,SR,True,True,1,1,0.9387695262242434,0.7700000000000001,0.78,1.0,0.4,0.8350000000000001,0.4,0.0125,0.7700000000000001,0.539,0.909975,3.0,0.0,0.0,3.0,3,0.0,1.9442892728847625,Clarified
102,Helen Keller,4,2,3,4,3,4,4,16,S,L,Loss/Limitation,4,16,12,1.0,MR,MR,MR,0,0,0,2,16,16,12,0,0,1,0,1,0,0,0,0,0,0,0,,16,0,1.0,MR,CR,MR,MR,MR,True,CR,False,MR,True,True,1,1,0.9329476229529137,0.9,0.5525,1.0,0.3,0.9099999999999999,0.25,0.025,0.9,0.5625,0.877625,1.0,0.0,0.0,1.0,1,0.0,1.7721983056991313,Clarified
103,Helen Thayer,2,4,2,3,2,3,4,12,N,L,Loss/Limitation,3,13,10,0.75,MR,MR,MR,0,0,0,1,12,13,10,0,0,1,0,1,0,0,0,0,0,0,0,,12,1,1.083333333333333,MR,MR,MR,MR,MR,True,MR,True,MR,True,True,1,1,0.920406050196368,0.8192307692307693,0.52,0.9230769230769231,0.4,0.8200000000000001,0.25,0.0125,0.7562130177514794,0.5120192307692308,0.8159589497041421,0.0,0.0,0.0,0.0,1,0.0,2.6861528221063153,Clarified
104,Henri Becquerel,1,1,4,2,2,4,4,16,D,G,Growth/Global,4,10,6,1.0,PR,PR,PR,0,0,0,1,16,10,6,0,0,1,0,1,0,1,0,0,0,1,1,,16,-6,0.625,PR,CR,PR,PR,PR,True,CR,False,PR,True,True,1,1,0.936706036623394,0.740909090909091,0.78,1.0,0.4,0.8350000000000001,0.4,0.0125,0.740909090909091,0.5186363636363637,0.8981931818181818,3.0,0.0,0.0,3.0,2,1.0,0.9442892728847625,Clarified
105,Henri Matisse,4,2,2,3,3,3,4,12,S,L,Loss/Limitation,4,14,11,0.75,SR,SR,SR,0,0,0,1,12,14,11,0,0,1,0,1,0,0,0,0,0,0,0,,12,2,1.166666666666667,SR,MR,SR,SR,SR,True,MR,False,SR,True,True,1,1,0.9173605970593325,0.7928571428571429,0.5525,0.8571428571428571,0.4,0.9099999999999999,0.25,0.0125,0.6795918367346939,0.4955357142857143,0.8023380102040817,2.0,0.0,0.0,2.0,3,0.0,2.858243789291947,Clarified
106,Henry David Thoreau,1,3,4,3,4,4,4,16,N,G,Growth/Global,3,15,11,1.0,CR,CR,CR,0,0,0,2,16,15,11,0,0,1,0,1,0,1,0,0,1,0,1,,16,-1,0.9375,CR,CR,CR,CR,CR,True,CR,True,CR,True,True,1,1,0.9375943610043976,0.8764705882352941,0.6775,1.0,0.3,0.76,0.4,0.025,0.8764705882352941,0.6135294117647059,0.9032205882352942,3.0,0.0,0.0,3.0,3,1.0,1.9442892728847625,Clarified
107,Hildegard of Bingen,3,2,3,3,4,3,4,12,V,L,Loss/Limitation,4,15,12,0.75,SR,SR,SR,0,0,0,1,12,15,12,0,0,1,0,1,0,0,0,0,0,0,0,,12,3,1.25,SR,MR,SR,SR,SR,True,MR,False,SR,True,True,1,1,0.9151565616555662,0.7700000000000001,0.6025,0.8,0.4,0.97,0.25,0.0125,0.6160000000000001,0.48125000000000007,0.7927624999999999,0.0,0.0,0.0,0.0,3,0.0,4.686152822106315,Clarified
108,Ibn Khaldun,2,4,4,3,2,4,4,16,N,G,Growth/Global,4,15,11,1.0,PR,PR,PR,0,0,0,3,16,15,11,0,0,1,0,1,0,1,0,0,0,1,1,,16,-1,0.9375,PR,CR,PR,PR,PR,True,CR,False,PR,True,True,1,1,0.9434429890209928,0.9264705882352942,0.74,1.0,0.19999999999999996,0.895,0.4,0.037500000000000006,0.9264705882352942,0.6485294117647059,0.9380955882352942,2.0,0.0,0.0,2.0,2,1.0,1.8582437892919468,Clarified
109,Ignatius of Loyola,3,3,2,4,4,4,4,16,T,G,Growth/Global,4,16,12,1.0,MR,MR,MR,0,0,0,3,16,16,12,0,0,1,0,1,0,0,0,0,0,0,0,,16,0,1.0,MR,CR,MR,MR,MR,True,CR,False,MR,True,True,1,1,0.9384605565027303,0.9500000000000001,0.72,1.0,0.19999999999999996,0.8799999999999999,0.25,0.037500000000000006,0.9500000000000001,0.59375,0.9081875,1.0,0.0,0.0,1.0,1,0.0,1.7721983056991313,Clarified
110,Inanna,1,3,2,4,4,3,3,9,V,J,Journey/Transmission,4,14,11,0.56,SR,SR,SR,0,0,0,1,9,14,11,0,0,0,0,0,0,0,0,0,0,0,0,0.0,9,5,1.555555555555556,SR,SR,SR,SR,SR,True,SR,True,SR,True,True,1,1,0.8889467405742412,0.7071428571428572,0.7075,0.6428571428571429,0.4,0.9099999999999999,0.07500000000000001,0.0125,0.45459183673469394,0.38008928571428574,0.693342474489796,1.0,0.0,0.0,1.0,3,0.0,3.7721983056991313,Clarified
111,Isaac Newton,1,2,4,2,3,4,4,16,D,B,Biological/Individual,3,12,8,1.0,PR,PR,PR,0,0,0,1,16,12,8,0,0,1,0,1,0,1,0,0,0,1,1,,16,-4,0.75,PR,CR,PR,PR,PR,True,CR,False,PR,True,True,1,1,0.9289172520315006,0.7700000000000001,0.525,1.0,0.4,0.82,0.4,0.0125,0.7700000000000001,0.539,0.856725,3.0,0.0,0.0,3.0,2,1.0,0.9442892728847625,Clarified
112,J.R.R. Tolkien,2,2,4,3,4,4,4,16,D,G,Growth/Global,4,15,11,1.0,SR,SR,SR,0,0,0,1,16,15,11,0,0,1,0,1,0,1,0,0,0,0,0,,16,-1,0.9375,SR,CR,SR,SR,SR,True,CR,False,SR,True,True,1,1,0.9454496633404569,0.8264705882352942,0.78,1.0,0.4,0.955,0.4,0.0125,0.8264705882352942,0.5785294117647058,0.950845588235294,2.0,0.0,0.0,2.0,3,0.0,2.858243789291947,Clarified
113,Jacob Boehme,2,2,3,4,4,3,3,9,V,B,Biological/Individual,4,15,12,0.56,SR,SR,SR,0,0,0,2,9,15,12,0,0,0,0,0,0,0,0,0,0,0,0,0.0,9,6,1.666666666666667,SR,SR,SR,SR,SR,True,SR,True,SR,True,True,1,1,0.8759242664751155,0.74,0.5675,0.6,0.3,0.97,0.07500000000000001,0.025,0.444,0.39775,0.6514624999999999,1.0,0.0,0.0,1.0,3,0.0,3.7721983056991313,Clarified
114,James Baldwin,1,2,4,4,2,4,4,16,T,G,Growth/Global,4,13,9,1.0,MR,MR,MR,0,0,0,2,16,13,9,0,0,1,0,1,0,0,0,0,0,0,0,,16,-3,0.8125,MR,CR,MR,MR,MR,True,CR,False,MR,True,True,1,1,0.9320281732898704,0.8368421052631579,0.72,1.0,0.3,0.8199999999999998,0.25,0.025,0.8368421052631579,0.5230263157894737,0.8727565789473684,3.0,0.0,0.0,3.0,1,0.0,-0.0557107271152375,Steady
115,James Joyce,2,2,4,3,3,4,4,16,D,G,Growth/Global,4,14,10,1.0,SR,SR,SR,0,0,0,1,16,14,10,0,0,1,0,1,0,1,0,0,0,0,0,,16,-2,0.875,SR,CR,SR,SR,SR,True,CR,False,SR,True,True,1,1,0.9441241285301367,0.8055555555555556,0.78,1.0,0.4,0.955,0.4,0.0125,0.8055555555555556,0.5638888888888889,0.942375,2.0,0.0,0.0,2.0,3,0.0,2.858243789291947,Clarified
116,James Lovelock,1,1,4,2,3,4,4,16,D,G,Growth/Global,4,11,7,1.0,PR,PR,PR,0,0,0,1,16,11,7,0,0,1,0,1,0,1,0,0,0,1,1,,16,-5,0.6875,PR,CR,PR,PR,PR,True,CR,False,PR,True,True,1,1,0.9376966158149217,0.7547619047619049,0.78,1.0,0.4,0.8350000000000001,0.4,0.0125,0.7547619047619049,0.5283333333333333,0.9038035714285715,3.0,0.0,0.0,3.0,2,1.0,0.9442892728847625,Clarified
117,Jane Goodall,1,3,3,4,3,4,4,16,N,G,Growth/Global,4,14,10,1.0,MR,MR,MR,0,0,0,1,16,14,10,0,0,1,0,1,0,0,0,0,0,0,0,,16,-2,0.875,MR,CR,MR,MR,MR,True,CR,False,MR,True,True,1,1,0.9342839672452263,0.8055555555555556,0.74,1.0,0.4,0.835,0.25,0.0125,0.8055555555555556,0.5034722222222222,0.8848125,2.0,0.0,0.0,2.0,1,0.0,0.8582437892919468,Clarified
118,Jason Padgett,4,1,4,3,3,3,4,12,X,L,Loss/Limitation,4,15,12,0.75,SR,SR,SR,0,0,0,1,12,15,12,0,0,1,0,1,0,1,0,0,0,0,0,,12,3,1.25,SR,MR,SR,SR,SR,True,MR,False,SR,True,True,1,1,0.9228898521951431,0.7700000000000001,0.6425000000000001,0.8,0.4,0.94,0.4,0.0125,0.6160000000000001,0.539,0.827425,0.0,0.0,0.0,0.0,3,0.0,4.686152822106315,Clarified
119,Jawaharlal Nehru,1,4,3,4,2,4,4,16,T,G,Growth/Global,4,14,10,1.0,MR,MR,MR,0,0,0,2,16,14,10,0,0,1,0,1,0,0,0,0,0,0,0,,16,-2,0.875,MR,CR,MR,MR,MR,True,CR,False,MR,True,True,1,1,0.9334152749131088,0.8555555555555555,0.72,1.0,0.3,0.8199999999999998,0.25,0.025,0.8555555555555555,0.5347222222222222,0.8801249999999999,2.0,0.0,0.0,2.0,1,0.0,0.8582437892919468,Clarified
120,Jean Dominique Bauby,4,2,3,3,3,3,4,12,S,L,Loss/Limitation,4,15,12,0.75,SR,SR,SR,0,0,0,1,12,15,12,0,0,1,0,1,0,0,0,0,0,0,0,,12,3,1.25,SR,MR,SR,SR,SR,True,MR,False,SR,True,True,1,1,0.910624782213122,0.7700000000000001,0.5525,0.8,0.4,0.9099999999999999,0.25,0.0125,0.6160000000000001,0.48125000000000007,0.7737625,1.0,0.0,0.0,1.0,3,0.0,3.7721983056991313,Clarified
121,Jean Joseph Surin,2,3,2,4,4,2,3,6,V,L,Loss/Limitation,3,15,13,0.38,SR,SR,SR,0,0,0,1,6,15,13,0,0,0,1,0,0,0,0,0,0,0,0,0.0,6,9,2.5,SR,SR,SR,SR,SR,True,SR,True,SR,True,True,1,1,0.8096104932117847,0.6100000000000001,0.54,0.4,0.4,0.895,-0.07499999999999998,0.1625,0.24400000000000005,0.28212500000000007,0.48249375000000005,0.0,0.0,0.0,0.0,3,0.0,4.686152822106315,Clarified
122,Jean Paul Sartre,1,3,4,4,2,4,4,16,T,G,Growth/Global,4,14,10,1.0,MR,MR,MR,0,0,0,2,16,14,10,0,0,1,0,1,0,0,0,0,0,0,0,,16,-2,0.875,MR,CR,MR,MR,MR,True,CR,False,MR,True,True,1,1,0.9334152749131088,0.8555555555555555,0.72,1.0,0.3,0.8199999999999998,0.25,0.025,0.8555555555555555,0.5347222222222222,0.8801249999999999,3.0,0.0,0.0,3.0,1,0.0,-0.0557107271152375,Steady
123,Jill Bolte Taylor,4,1,2,3,3,3,3,9,X,J,Journey/Transmission,4,13,10,0.56,CR,CR,CR,0,0,0,1,9,13,10,0,0,0,0,0,0,0,0,0,1,0,1,,9,4,1.444444444444444,CR,MR,CR,CR,CR,True,MR,False,CR,True,True,1,1,0.8990863354881602,0.726923076923077,0.7475,0.6923076923076923,0.4,0.94,0.07500000000000001,0.0125,0.5032544378698225,0.39072115384615386,0.7290379068047338,2.0,0.0,0.0,2.0,3,1.0,2.858243789291947,Clarified
124,Joan Didion,1,2,4,4,3,3,4,12,T,L,Loss/Limitation,4,14,11,0.75,SR,SR,SR,0,0,0,1,12,14,11,0,0,1,0,1,0,0,0,0,0,0,0,,12,2,1.166666666666667,SR,MR,SR,SR,SR,True,MR,False,SR,True,True,1,1,0.9147072046429149,0.7928571428571429,0.5625,0.8571428571428571,0.4,0.8199999999999998,0.25,0.0125,0.6795918367346939,0.4955357142857143,0.7908380102040816,3.0,0.0,0.0,3.0,3,0.0,1.9442892728847625,Clarified
125,Joan of Arc,2,2,2,4,4,3,3,9,A,J,Journey/Transmission,4,14,11,0.56,MR,MR,MR,0,0,0,2,9,14,11,0,0,0,0,0,0,0,0,0,0,0,0,,9,5,1.555555555555556,MR,MR,MR,MR,MR,True,MR,True,MR,True,True,1,1,0.8824441424141735,0.7571428571428571,0.6475,0.6428571428571429,0.3,0.865,0.07500000000000001,0.025,0.48673469387755103,0.40696428571428567,0.6719272959183673,0.0,0.0,0.0,0.0,1,0.0,2.6861528221063153,Clarified
126,Johannes Kepler,1,2,4,2,3,4,4,16,D,G,Growth/Global,4,12,8,1.0,PR,PR,PR,0,0,0,1,16,12,8,0,0,1,0,1,0,1,0,0,0,1,1,,16,-4,0.75,PR,CR,PR,PR,PR,True,CR,False,PR,True,True,1,1,0.9403032584443721,0.7700000000000001,0.78,1.0,0.4,0.8949999999999999,0.4,0.0125,0.7700000000000001,0.539,0.9189750000000001,3.0,0.0,0.0,3.0,2,1.0,0.9442892728847625,Clarified
127,John Bunyan,1,4,3,4,4,3,4,12,V,J,Journey/Transmission,4,16,13,0.75,SR,SR,SR,0,0,0,2,12,16,13,0,0,1,0,1,0,0,0,0,0,0,0,,12,4,1.333333333333333,SR,MR,SR,SR,SR,True,MR,False,SR,True,True,1,1,0.9119555942200419,0.8,0.7075,0.75,0.3,0.9099999999999999,0.25,0.025,0.6000000000000001,0.5,0.77925,2.0,0.0,0.0,2.0,3,0.0,2.858243789291947,Clarified
128,John Lennon,1,2,3,4,4,3,3,9,H,G,Growth/Global,4,14,11,0.56,SR,SR,SR,0,0,0,2,9,14,11,0,0,0,0,0,0,0,0,0,0,0,0,,9,5,1.555555555555556,SR,CR,SR,SR,SR,True,CR,False,SR,True,True,1,1,0.8822105344178555,0.7571428571428571,0.7,0.6428571428571429,0.3,0.7899999999999999,0.07500000000000001,0.025,0.48673469387755103,0.40696428571428567,0.6711772959183673,2.0,0.0,0.0,2.0,3,0.0,2.858243789291947,Clarified
129,John Maynard Keynes,1,3,4,2,2,4,4,16,D,G,Growth/Global,4,12,8,1.0,PR,PR,PR,0,0,0,2,16,12,8,0,0,1,0,1,0,1,0,0,0,1,1,,16,-4,0.75,PR,CR,PR,PR,PR,True,CR,False,PR,True,True,1,1,0.9406601037287823,0.8200000000000001,0.78,1.0,0.3,0.8949999999999999,0.4,0.025,0.8200000000000001,0.574,0.9211000000000001,3.0,0.0,0.0,3.0,2,1.0,0.9442892728847625,Clarified
130,John Milton,4,2,4,3,4,4,4,16,S,L,Loss/Limitation,4,17,13,1.0,SR,SR,SR,0,0,0,1,16,17,13,0,0,1,0,1,0,1,0,0,0,0,0,,16,1,1.0625,SR,CR,SR,SR,SR,True,CR,False,SR,True,True,1,1,0.9328504762969294,0.8264705882352942,0.5525,0.9411764705882353,0.4,0.9099999999999999,0.4,0.0125,0.7778546712802769,0.5785294117647058,0.8771076989619377,0.0,0.0,0.0,0.0,3,0.0,4.686152822106315,Clarified
131,John Nash,3,2,4,4,3,3,2,6,H,C,Chaos/Fragmentation,4,16,13,0.38,FR,FR,PR,0,1,0,2,6,16,13,1,0,0,1,0,0,0,1,0,0,0,0,,6,10,2.666666666666667,FR,FR,FR,FR,FR,True,FR,True,FR,True,True,0,0,0.6174821872348747,0.65,0.35,0.375,0.3,0.85,-0.7,0.7250000000000001,0.24375000000000002,0.09750000000000002,0.15962500000000002,1.0,0.0,1.0,2.0,0,0.0,-0.14175621070805317,Steady
132,John Newton,2,3,2,4,4,3,4,12,T,G,Growth/Global,4,15,12,0.75,MR,MR,MR,0,0,0,1,12,15,12,0,0,1,0,1,0,0,0,0,0,0,0,,12,3,1.25,MR,MR,MR,MR,MR,True,MR,True,MR,True,True,1,1,0.9174570876443499,0.7700000000000001,0.72,0.8,0.4,0.8799999999999999,0.25,0.0125,0.6160000000000001,0.48125000000000007,0.8027624999999999,0.0,0.0,0.0,0.0,1,0.0,2.6861528221063153,Clarified
133,John of Patmos,1,3,2,3,4,3,3,9,V,J,Journey/Transmission,4,13,10,0.56,SR,SR,SR,0,0,0,1,9,13,10,0,0,0,0,0,0,0,0,0,0,0,0,0.0,9,4,1.444444444444444,SR,SR,SR,SR,SR,True,SR,True,SR,True,True,1,1,0.8956326749969096,0.726923076923077,0.7075,0.6923076923076923,0.4,0.9099999999999999,0.07500000000000001,0.0125,0.5032544378698225,0.39072115384615386,0.7165379068047338,1.0,0.0,0.0,1.0,3,0.0,3.7721983056991313,Clarified
134,Joseph Smith,1,2,2,4,4,3,3,9,V,J,Journey/Transmission,4,13,10,0.56,MR,MR,MR,0,0,0,1,9,13,10,0,0,0,0,0,0,0,0,0,0,0,0,3.0,9,4,1.444444444444444,MR,SR,MR,MR,MR,True,SR,False,MR,True,True,1,1,0.9037508629065358,0.726923076923077,0.8575,0.6923076923076923,0.4,0.9099999999999999,0.07500000000000001,0.0125,0.5032544378698225,0.39072115384615386,0.7465379068047336,1.0,0.0,0.0,1.0,1,0.0,1.7721983056991313,Clarified
135,Julian of Norwich,3,2,2,4,4,3,4,12,V,B,Biological/Individual,4,15,12,0.75,SR,SR,SR,0,0,0,1,12,15,12,0,0,1,0,1,0,0,0,0,0,0,0,,12,3,1.25,SR,MR,SR,SR,SR,True,MR,False,SR,True,True,1,1,0.9135117364271347,0.7700000000000001,0.5675,0.8,0.4,0.97,0.25,0.0125,0.6160000000000001,0.48125000000000007,0.7857625,1.0,0.0,0.0,1.0,3,0.0,3.7721983056991313,Clarified
136,Katherine Johnson,1,2,4,2,2,4,4,16,D,G,Growth/Global,3,11,7,1.0,PR,PR,PR,0,0,0,1,16,11,7,0,0,1,0,1,0,1,0,0,0,1,1,,16,-5,0.6875,PR,CR,PR,PR,PR,True,CR,False,PR,True,True,1,1,0.9350608369134574,0.7547619047619049,0.7175,1.0,0.4,0.82,0.4,0.0125,0.7547619047619049,0.5283333333333333,0.8890535714285714,3.0,0.0,0.0,3.0,2,1.0,0.9442892728847625,Clarified
137,Katherine Mansfield,4,2,3,3,3,3,4,12,S,L,Loss/Limitation,4,15,12,0.75,SR,SR,SR,0,0,0,1,12,15,12,0,0,1,0,1,0,0,0,0,0,0,0,,12,3,1.25,SR,MR,SR,SR,SR,True,MR,False,SR,True,True,1,1,0.910624782213122,0.7700000000000001,0.5525,0.8,0.4,0.9099999999999999,0.25,0.0125,0.6160000000000001,0.48125000000000007,0.7737625,1.0,0.0,0.0,1.0,3,0.0,3.7721983056991313,Clarified
138,Katsushika Hokusai,2,2,3,3,4,4,4,16,N,L,Loss/Limitation,4,14,10,1.0,SR,SR,SR,0,0,0,1,16,14,10,0,0,1,0,1,0,0,0,0,0,0,0,,16,-2,0.875,SR,CR,SR,SR,SR,True,CR,False,SR,True,True,1,1,0.9300161532254783,0.8055555555555556,0.5825,1.0,0.4,0.895,0.25,0.0125,0.8055555555555556,0.5034722222222222,0.8623125,1.0,0.0,0.0,1.0,3,0.0,3.7721983056991313,Clarified
139,King Ashoka,1,2,2,4,3,3,4,12,N,B,Biological/Individual,4,12,9,0.75,MR,MR,MR,0,0,0,2,12,12,9,0,0,1,0,1,0,0,0,0,0,0,0,,12,0,1.0,MR,MR,MR,MR,MR,True,MR,True,MR,True,True,1,1,0.9306117744880616,0.9,0.5475,1.0,0.3,0.835,0.25,0.025,0.9,0.5625,0.865375,1.0,0.0,0.0,1.0,1,0.0,1.7721983056991313,Clarified
140,Kurt Gödel,1,1,4,2,3,4,4,16,D,G,Growth/Global,4,11,7,1.0,PR,PR,PR,0,0,0,1,16,11,7,0,0,1,0,1,0,1,0,0,0,1,1,,16,-5,0.6875,PR,CR,PR,PR,PR,True,CR,False,PR,True,True,1,1,0.9376966158149217,0.7547619047619049,0.78,1.0,0.4,0.8350000000000001,0.4,0.0125,0.7547619047619049,0.5283333333333333,0.9038035714285715,3.0,0.0,0.0,3.0,2,1.0,0.9442892728847625,Clarified
141,Kurt Vonnegut,2,4,3,4,3,3,4,12,T,G,Growth/Global,4,16,13,0.75,MR,MR,MR,0,0,0,2,12,16,13,0,0,1,0,1,0,0,0,0,0,0,0,,12,4,1.333333333333333,MR,MR,MR,MR,MR,True,MR,True,MR,True,True,1,1,0.9114726464202524,0.8,0.72,0.75,0.3,0.8799999999999999,0.25,0.025,0.6000000000000001,0.5,0.7772499999999999,1.0,0.0,0.0,1.0,1,0.0,1.7721983056991313,Clarified
142,Lao Tzu,1,3,3,3,4,4,4,16,N,G,Growth/Global,4,14,10,1.0,CR,CR,CR,0,0,0,2,16,14,10,0,0,1,0,1,0,0,0,0,1,0,1,,16,-2,0.875,CR,CR,CR,CR,CR,True,CR,True,CR,True,True,1,1,0.9345711825137297,0.8555555555555555,0.74,1.0,0.3,0.835,0.25,0.025,0.8555555555555555,0.5347222222222222,0.886375,2.0,0.0,0.0,2.0,3,1.0,2.858243789291947,Clarified
143,Leo Tolstoy,1,1,4,4,3,4,4,16,N,B,Biological/Individual,4,13,9,1.0,MR,MR,MR,0,0,0,1,16,13,9,0,0,1,0,1,0,0,0,0,0,0,0,,16,-3,0.8125,MR,CR,MR,MR,MR,True,CR,False,MR,True,True,1,1,0.9234259408786415,0.786842105263158,0.5475,1.0,0.4,0.7750000000000001,0.25,0.0125,0.786842105263158,0.4917763157894738,0.8299440789473684,3.0,0.0,0.0,3.0,1,0.0,-0.0557107271152375,Steady
144,Leonardo da Vinci,1,2,4,2,3,4,4,16,D,G,Growth/Global,4,12,8,1.0,PR,PR,PR,0,0,0,1,16,12,8,0,0,1,0,1,0,1,0,0,0,1,1,,16,-4,0.75,PR,CR,PR,PR,PR,True,CR,False,PR,True,True,1,1,0.9403032584443721,0.7700000000000001,0.78,1.0,0.4,0.8949999999999999,0.4,0.0125,0.7700000000000001,0.539,0.9189750000000001,3.0,0.0,0.0,3.0,2,1.0,0.9442892728847625,Clarified
145,Leonhard Euler,4,1,4,2,2,4,4,16,S,L,Loss/Limitation,4,13,9,1.0,PR,PR,PR,0,0,0,2,16,13,9,0,0,1,0,1,0,1,0,0,0,1,1,,16,-3,0.8125,PR,CR,PR,PR,PR,True,CR,False,PR,True,True,1,1,0.9325799955345108,0.8368421052631579,0.5525,1.0,0.3,0.8499999999999999,0.4,0.025,0.8368421052631579,0.5857894736842105,0.875671052631579,0.0,0.0,0.0,0.0,2,1.0,3.6861528221063153,Clarified
146,Linus Pauling,2,1,4,2,3,4,4,16,D,G,Growth/Global,3,12,8,1.0,PR,PR,PR,0,0,0,2,16,12,8,0,0,1,0,1,0,1,0,0,0,1,1,,16,-4,0.75,PR,CR,PR,PR,PR,True,CR,False,PR,True,True,1,1,0.9365558995718357,0.8200000000000001,0.7175,1.0,0.3,0.82,0.4,0.025,0.8200000000000001,0.574,0.89735,2.0,0.0,0.0,2.0,2,1.0,1.8582437892919468,Clarified
147,Louis Braille,4,2,3,3,2,4,4,16,S,L,Loss/Limitation,4,14,10,1.0,PR,PR,PR,0,0,0,1,16,14,10,0,0,1,0,1,0,0,0,0,0,1,1,,16,-2,0.875,PR,CR,PR,PR,PR,True,CR,False,PR,True,True,1,1,0.9292803828480241,0.8055555555555556,0.5525,1.0,0.4,0.9099999999999999,0.25,0.0125,0.8055555555555556,0.5034722222222222,0.8585625,1.0,0.0,0.0,1.0,2,1.0,2.7721983056991313,Clarified
148,Louis Pasteur,3,1,4,2,2,4,4,16,D,G,Growth/Global,4,12,8,1.0,PR,PR,PR,0,0,0,2,16,12,8,0,0,1,0,1,0,1,0,0,0,1,1,,16,-4,0.75,PR,CR,PR,PR,PR,True,CR,False,PR,True,True,1,1,0.9406601037287823,0.8200000000000001,0.78,1.0,0.3,0.8949999999999999,0.4,0.025,0.8200000000000001,0.574,0.9211000000000001,1.0,0.0,0.0,1.0,2,1.0,2.7721983056991313,Clarified
149,Ludwig Wittgenstein,1,2,4,3,3,4,4,16,D,G,Growth/Global,4,13,9,1.0,PR,PR,PR,0,0,0,2,16,13,9,0,0,1,0,1,0,1,0,0,0,1,1,,16,-3,0.8125,PR,CR,PR,PR,PR,True,CR,False,PR,True,True,1,1,0.9417920831522804,0.8368421052631579,0.78,1.0,0.3,0.8949999999999999,0.4,0.025,0.8368421052631579,0.5857894736842105,0.9279210526315791,3.0,0.0,0.0,3.0,2,1.0,0.9442892728847625,Clarified
150,Lydwine of Schiedam,4,2,1,4,4,2,3,6,S,J,Journey/Transmission,4,15,13,0.38,SR,SR,SR,0,0,0,1,6,15,13,0,0,0,1,0,0,0,0,0,0,0,0,,6,9,2.5,SR,SR,SR,SR,SR,True,SR,True,SR,True,True,1,1,0.817235856351143,0.6100000000000001,0.6575,0.4,0.4,0.8499999999999999,-0.07499999999999998,0.1625,0.24400000000000005,0.28212500000000007,0.49924375,3.0,0.0,0.0,3.0,3,0.0,1.9442892728847625,Clarified
151,Mahatma Gandhi,2,3,3,4,3,4,4,16,N,G,Growth/Global,4,15,11,1.0,MR,MR,MR,0,0,0,1,16,15,11,0,0,1,0,1,0,0,0,0,0,0,0,,16,-1,0.9375,MR,CR,MR,MR,MR,True,CR,False,MR,True,True,1,1,0.9373881790880738,0.8264705882352942,0.74,1.0,0.4,0.895,0.25,0.0125,0.8264705882352942,0.5165441176470589,0.902047794117647,1.0,0.0,0.0,1.0,1,0.0,1.7721983056991313,Clarified
152,Malala Yousafzai,4,2,2,4,3,4,4,16,N,J,Journey/Transmission,4,15,11,1.0,MR,MR,MR,0,0,0,2,16,15,11,0,0,1,0,1,0,0,0,0,0,0,0,,16,-1,0.9375,MR,CR,MR,MR,MR,True,CR,False,MR,True,True,1,1,0.9357959334532273,0.8764705882352941,0.6875,1.0,0.3,0.895,0.25,0.025,0.8764705882352941,0.5477941176470589,0.8931102941176471,2.0,0.0,0.0,2.0,1,0.0,0.8582437892919468,Clarified
153,Malcolm X,2,4,3,4,3,4,4,16,T,B,Biological/Individual,4,16,12,1.0,MR,MR,MR,0,0,0,2,16,16,12,0,0,1,0,1,0,0,0,0,0,0,0,,16,0,1.0,MR,CR,MR,MR,MR,True,CR,False,MR,True,True,1,1,0.9311426170064185,0.9,0.5275,1.0,0.3,0.8799999999999999,0.25,0.025,0.9,0.5625,0.868125,1.0,0.0,0.0,1.0,1,0.0,1.7721983056991313,Clarified
154,Malidoma Somé,2,2,2,4,4,3,4,12,H,B,Biological/Individual,4,14,11,0.75,MR,MR,MR,0,0,0,2,12,14,11,0,0,1,0,1,0,0,0,0,0,0,0,,12,2,1.166666666666667,MR,MR,MR,MR,MR,True,MR,True,MR,True,True,1,1,0.9132053521393102,0.8428571428571429,0.5075,0.8571428571428571,0.3,0.85,0.25,0.025,0.7224489795918367,0.5267857142857143,0.7844719387755101,0.0,0.0,0.0,0.0,1,0.0,2.6861528221063153,Clarified
155,Marco Polo,1,4,3,3,2,3,4,12,N,J,Journey/Transmission,3,13,10,0.75,MR,MR,MR,0,0,0,1,12,13,10,0,0,1,0,1,0,0,0,0,0,0,0,,12,1,1.083333333333333,MR,MR,MR,MR,MR,True,MR,True,MR,True,True,1,1,0.9230037692699179,0.8192307692307693,0.625,0.9230769230769231,0.4,0.76,0.25,0.0125,0.7562130177514794,0.5120192307692308,0.8279589497041421,2.0,0.0,0.0,2.0,1,0.0,0.8582437892919468,Clarified
156,Marcus Aurelius,2,3,4,4,3,4,4,16,N,G,Growth/Global,4,16,12,1.0,MR,MR,MR,0,0,0,1,16,16,12,0,0,1,0,1,0,0,0,0,0,0,0,,16,0,1.0,MR,CR,MR,MR,MR,True,CR,False,MR,True,True,1,1,0.9389997642944873,0.8500000000000001,0.74,1.0,0.4,0.895,0.25,0.0125,0.8500000000000001,0.53125,0.9113125000000001,2.0,0.0,0.0,2.0,1,0.0,0.8582437892919468,Clarified
157,Marie Curie,2,2,4,3,2,4,4,16,D,G,Growth/Global,4,13,9,1.0,PR,PR,PR,0,0,0,2,16,13,9,0,0,1,0,1,0,1,0,0,0,1,1,,16,-3,0.8125,PR,CR,PR,PR,PR,True,CR,False,PR,True,True,1,1,0.9432546812575314,0.8368421052631579,0.78,1.0,0.3,0.955,0.4,0.025,0.8368421052631579,0.5857894736842105,0.936921052631579,2.0,0.0,0.0,2.0,2,1.0,1.8582437892919468,Clarified
158,Martha Graham,2,1,4,3,4,4,4,16,D,G,Growth/Global,4,14,10,1.0,SR,SR,SR,0,0,0,1,16,14,10,0,0,1,0,1,0,1,0,0,0,0,0,,16,-2,0.875,SR,CR,SR,SR,SR,True,CR,False,SR,True,True,1,1,0.9426825784917164,0.8055555555555556,0.78,1.0,0.4,0.8949999999999999,0.4,0.0125,0.8055555555555556,0.5638888888888889,0.9333750000000001,2.0,0.0,0.0,2.0,3,0.0,2.858243789291947,Clarified
159,Martin Luther,2,3,4,4,3,4,4,16,T,G,Growth/Global,4,16,12,1.0,MR,MR,MR,0,0,0,1,16,16,12,0,0,1,0,1,0,0,0,0,0,0,0,,16,0,1.0,MR,CR,MR,MR,MR,True,CR,False,MR,True,True,1,1,0.9379168975464782,0.8500000000000001,0.72,1.0,0.4,0.8799999999999999,0.25,0.0125,0.8500000000000001,0.53125,0.9050625,2.0,0.0,0.0,2.0,1,0.0,0.8582437892919468,Clarified
160,Martin Luther King Jr.,2,2,3,4,3,4,4,16,A,J,Journey/Transmission,4,14,10,1.0,MR,MR,MR,0,0,0,1,16,14,10,0,0,1,0,1,0,0,0,0,0,0,0,,16,-2,0.875,MR,CR,MR,MR,MR,True,CR,False,MR,True,True,1,1,0.9316577591399914,0.8055555555555556,0.6475,1.0,0.4,0.865,0.25,0.0125,0.8055555555555556,0.5034722222222222,0.8708125,1.0,0.0,0.0,1.0,1,0.0,1.7721983056991313,Clarified
161,Mary Baker Eddy,4,2,3,4,4,3,3,9,V,J,Journey/Transmission,4,17,14,0.56,MR,MR,MR,0,0,0,2,9,17,14,0,0,0,0,0,0,0,0,0,0,0,0,3.0,9,8,1.888888888888889,MR,SR,MR,MR,MR,True,SR,False,MR,True,True,1,1,0.8839546322319698,0.711764705882353,0.8575,0.5294117647058824,0.3,0.97,0.07500000000000001,0.025,0.3768166089965398,0.3825735294117647,0.6768081747404845,1.0,0.0,0.0,1.0,1,0.0,1.7721983056991313,Clarified
162,Mary Magdalene,1,2,2,4,4,3,3,9,V,B,Biological/Individual,4,13,10,0.56,SR,SR,SR,0,0,0,2,9,13,10,0,0,0,0,0,0,0,0,0,0,0,0,0.0,9,4,1.444444444444444,SR,SR,SR,SR,SR,True,SR,True,SR,True,True,1,1,0.8868640693633013,0.7769230769230769,0.5675,0.6923076923076923,0.3,0.9099999999999999,0.07500000000000001,0.025,0.5378698224852071,0.41759615384615384,0.6863672337278106,1.0,0.0,0.0,1.0,3,0.0,3.7721983056991313,Clarified
163,Mary McLeod Bethune,1,3,3,4,3,4,4,16,T,G,Growth/Global,4,14,10,1.0,MR,MR,MR,0,0,0,1,16,14,10,0,0,1,0,1,0,0,0,0,0,0,0,,16,-2,0.875,MR,CR,MR,MR,MR,True,CR,False,MR,True,True,1,1,0.9331233486126896,0.8055555555555556,0.72,1.0,0.4,0.8199999999999998,0.25,0.0125,0.8055555555555556,0.5034722222222222,0.8785624999999999,2.0,0.0,0.0,2.0,1,0.0,0.8582437892919468,Clarified
164,Mary Shelley,1,2,4,3,4,4,4,16,D,J,Journey/Transmission,4,14,10,1.0,PR,PR,PR,0,0,0,2,16,14,10,0,0,1,0,1,0,1,0,0,0,1,1,,16,-2,0.875,PR,CR,PR,PR,PR,True,CR,False,PR,True,True,1,1,0.9413098250079087,0.8555555555555555,0.7275,1.0,0.3,0.8949999999999999,0.4,0.025,0.8555555555555555,0.5988888888888888,0.9249999999999999,3.0,0.0,0.0,3.0,2,1.0,0.9442892728847625,Clarified
165,Max Planck,1,1,4,2,3,4,4,16,D,G,Growth/Global,4,11,7,1.0,PR,PR,PR,0,0,0,1,16,11,7,0,0,1,0,1,0,1,0,0,0,1,1,,16,-5,0.6875,PR,CR,PR,PR,PR,True,CR,False,PR,True,True,1,1,0.9376966158149217,0.7547619047619049,0.78,1.0,0.4,0.8350000000000001,0.4,0.0125,0.7547619047619049,0.5283333333333333,0.9038035714285715,3.0,0.0,0.0,3.0,2,1.0,0.9442892728847625,Clarified
166,Maximilien Robespierre,1,3,3,4,3,2,2,4,A,C,Chaos/Fragmentation,4,14,12,0.25,FR,FR,FR,1,1,0,2,4,14,12,1,0,0,1,0,1,0,1,1,0,0,0,,4,10,3.5,FR,FR,FR,FR,FR,True,FR,True,FR,True,True,0,0,0.4926618789666358,0.6142857142857143,0.35,0.2857142857142857,0.0,0.8049999999999999,-0.8833333333333333,0.9083333333333334,0.17551020408163265,0.03583333333333334,-0.009784863945578287,2.0,1.0,2.0,5.0,0,0.0,-2.8836197599296063,Deteriorated
167,Mechthild of Magdeburg,2,3,2,4,4,3,3,9,V,J,Journey/Transmission,4,15,12,0.56,SR,SR,SR,0,0,0,2,9,15,12,0,0,0,0,0,0,0,0,0,0,0,0,0.0,9,6,1.666666666666667,SR,SR,SR,SR,SR,True,SR,True,SR,True,True,1,1,0.8847689709736145,0.74,0.7075,0.6,0.3,0.97,0.07500000000000001,0.025,0.444,0.39775,0.6794625,0.0,0.0,0.0,0.0,3,0.0,4.686152822106315,Clarified
168,Meister Eckhart,1,2,4,4,4,4,4,16,N,G,Growth/Global,4,15,11,1.0,CR,CR,CR,0,0,0,2,16,15,11,0,0,1,0,1,0,0,0,0,1,0,1,,16,-1,0.9375,CR,CR,CR,CR,CR,True,CR,True,CR,True,True,1,1,0.9360657723914058,0.8764705882352941,0.74,1.0,0.3,0.835,0.25,0.025,0.8764705882352941,0.5477941176470589,0.894610294117647,3.0,0.0,0.0,3.0,3,1.0,1.9442892728847625,Clarified
169,Michael Faraday,1,1,4,2,3,4,4,16,D,G,Growth/Global,4,11,7,1.0,PR,PR,PR,0,0,0,1,16,11,7,0,0,1,0,1,0,1,0,0,0,1,1,,16,-5,0.6875,PR,CR,PR,PR,PR,True,CR,False,PR,True,True,1,1,0.9376966158149217,0.7547619047619049,0.78,1.0,0.4,0.8350000000000001,0.4,0.0125,0.7547619047619049,0.5283333333333333,0.9038035714285715,3.0,0.0,0.0,3.0,2,1.0,0.9442892728847625,Clarified
170,Miguel de Molinos,1,4,2,4,4,3,3,9,V,L,Loss/Limitation,4,15,12,0.56,SR,SR,SR,0,0,0,1,9,15,12,0,0,0,0,0,0,0,0,0,0,0,0,0.0,9,6,1.666666666666667,SR,SR,SR,SR,SR,True,SR,True,SR,True,True,1,1,0.8762804361733502,0.6900000000000001,0.6025,0.6,0.4,0.9099999999999999,0.07500000000000001,0.0125,0.41400000000000003,0.370875,0.65255625,1.0,0.0,0.0,1.0,3,0.0,3.7721983056991313,Clarified
171,Moses,1,3,2,4,4,4,4,16,A,J,Journey/Transmission,4,14,10,1.0,MR,MR,MR,0,0,0,2,16,14,10,0,0,1,0,1,0,0,0,0,0,0,0,,16,-2,0.875,MR,CR,MR,MR,MR,True,CR,False,MR,True,True,1,1,0.9302233310454371,0.8555555555555555,0.6475,1.0,0.3,0.8049999999999999,0.25,0.025,0.8555555555555555,0.5347222222222222,0.863375,1.0,0.0,0.0,1.0,1,0.0,1.7721983056991313,Clarified
172,Mother Teresa,2,3,2,4,4,3,4,12,V,G,Growth/Global,4,15,12,0.75,MR,MR,MR,0,0,0,1,12,15,12,0,0,1,0,1,0,0,0,0,0,0,0,,12,3,1.25,MR,MR,MR,MR,MR,True,MR,True,MR,True,True,1,1,0.9222119674021828,0.7700000000000001,0.76,0.8,0.4,0.97,0.25,0.0125,0.6160000000000001,0.48125000000000007,0.8242625,0.0,0.0,0.0,0.0,1,0.0,2.6861528221063153,Clarified
173,Mozart,1,1,4,2,4,4,4,16,D,B,Biological/Individual,4,12,8,1.0,PR,PR,PR,0,0,0,1,16,12,8,0,0,1,0,1,0,1,0,0,0,1,1,,16,-4,0.75,PR,CR,PR,PR,PR,True,CR,False,PR,True,True,1,1,0.9317841978872773,0.7700000000000001,0.5875,1.0,0.4,0.8350000000000001,0.4,0.0125,0.7700000000000001,0.539,0.871475,3.0,0.0,0.0,3.0,2,1.0,0.9442892728847625,Clarified
174,Muhammad,1,2,2,4,4,4,4,16,A,J,Journey/Transmission,4,13,9,1.0,MR,MR,MR,0,0,0,1,16,13,9,0,0,1,0,1,0,0,0,0,0,0,0,,16,-3,0.8125,MR,CR,MR,MR,MR,True,CR,False,MR,True,True,1,1,0.9284640962076739,0.786842105263158,0.6475,1.0,0.4,0.8049999999999999,0.25,0.0125,0.786842105263158,0.4917763157894738,0.8544440789473684,1.0,0.0,0.0,1.0,1,0.0,1.7721983056991313,Clarified
175,Muhammad Ali,2,3,2,4,3,4,4,16,T,G,Growth/Global,4,14,10,1.0,MR,MR,MR,0,0,0,1,16,14,10,0,0,1,0,1,0,0,0,0,0,0,0,,16,-2,0.875,MR,CR,MR,MR,MR,True,CR,False,MR,True,True,1,1,0.9347886849038387,0.8055555555555556,0.72,1.0,0.4,0.8799999999999999,0.25,0.0125,0.8055555555555556,0.5034722222222222,0.8875624999999999,0.0,0.0,0.0,0.0,1,0.0,2.6861528221063153,Clarified
176,Nat Turner,1,4,2,4,3,2,1,2,V,C,Chaos/Fragmentation,4,14,12,0.12,FR,FR,FR,1,1,0,2,2,14,12,1,0,0,1,0,1,0,1,1,0,0,0,,2,12,7.0,FR,FR,FR,FR,FR,True,FR,True,FR,True,True,0,0,0.4694389723232676,0.5571428571428572,0.41000000000000003,0.14285714285714285,0.0,0.9099999999999999,-0.9083333333333333,0.9083333333333334,0.07959183673469387,0.02553571428571429,-0.040798894557823095,1.0,1.0,2.0,4.0,0,0.0,-1.969665243522422,Deteriorated
177,Naval Ravikant,1,1,4,3,3,3,4,12,N,G,Growth/Global,3,12,9,0.75,PR,PR,PR,0,0,0,2,12,12,9,0,0,1,0,1,0,1,0,0,0,1,1,,12,0,1.0,PR,MR,PR,PR,PR,True,MR,False,PR,True,True,1,1,0.9376872259570541,0.9,0.6775,1.0,0.3,0.7,0.4,0.025,0.9,0.63,0.90375,3.0,0.0,0.0,3.0,2,1.0,0.9442892728847625,Clarified
178,NDE Survivors,4,1,1,4,4,3,3,9,X,J,Journey/Transmission,4,14,11,0.56,CR,CR,CR,0,0,0,2,9,14,11,0,0,0,0,0,0,0,0,0,1,0,1,,9,5,1.555555555555556,CR,CR,CR,CR,CR,True,CR,True,CR,True,True,1,1,0.8891937416393123,0.7571428571428571,0.7475,0.6428571428571429,0.3,0.8800000000000001,0.07500000000000001,0.025,0.48673469387755103,0.40696428571428567,0.6941772959183674,3.0,0.0,0.0,3.0,3,1.0,1.9442892728847625,Clarified
179,Nelson Mandela,2,4,3,4,2,4,4,16,N,G,Growth/Global,4,15,11,1.0,MR,MR,MR,0,0,0,2,16,15,11,0,0,1,0,1,0,0,0,0,0,0,0,,16,-1,0.9375,MR,CR,MR,MR,MR,True,CR,False,MR,True,True,1,1,0.9376627324653157,0.8764705882352941,0.74,1.0,0.3,0.895,0.25,0.025,0.8764705882352941,0.5477941176470589,0.903610294117647,1.0,0.0,0.0,1.0,1,0.0,1.7721983056991313,Clarified
180,Niccolò Machiavelli,2,4,4,3,2,4,4,16,T,G,Growth/Global,4,15,11,1.0,PR,PR,PR,0,0,0,2,16,15,11,0,0,1,0,1,0,1,0,0,0,1,1,,16,-1,0.9375,PR,CR,PR,PR,PR,True,CR,False,PR,True,True,1,1,0.9420873285608274,0.8764705882352941,0.72,1.0,0.3,0.8799999999999999,0.4,0.025,0.8764705882352941,0.6135294117647059,0.9297205882352941,2.0,0.0,0.0,2.0,2,1.0,1.8582437892919468,Clarified
181,Niels Bohr,1,1,4,2,3,4,4,16,N,G,Growth/Global,3,11,7,1.0,PR,PR,PR,0,0,0,1,16,11,7,0,0,1,0,1,0,1,0,0,0,1,1,,16,-5,0.6875,PR,CR,PR,PR,PR,True,CR,False,PR,True,True,1,1,0.930160715326985,0.7547619047619049,0.6775,1.0,0.4,0.7,0.4,0.0125,0.7547619047619049,0.5283333333333333,0.8630535714285714,3.0,0.0,0.0,3.0,2,1.0,0.9442892728847625,Clarified
182,Nikola Tesla,2,1,4,3,4,4,3,12,V,L,Loss/Limitation,4,14,10,0.75,PR,PR,PR,0,0,0,2,12,14,10,0,0,1,0,0,0,1,0,0,0,1,1,,12,2,1.166666666666667,PR,MR,PR,PR,PR,True,MR,False,PR,True,True,1,1,0.9253506668102245,0.8428571428571429,0.6025,0.8571428571428571,0.3,0.9099999999999999,0.375,0.025,0.7224489795918367,0.5794642857142858,0.8391237244897959,2.0,0.0,0.0,2.0,2,1.0,1.8582437892919468,Clarified
183,Noam Chomsky,1,1,4,2,2,4,4,16,D,G,Growth/Global,4,10,6,1.0,PR,PR,PR,0,0,0,1,16,10,6,0,0,1,0,1,0,1,0,0,0,1,1,,16,-6,0.625,PR,CR,PR,PR,PR,True,CR,False,PR,True,True,1,1,0.936706036623394,0.740909090909091,0.78,1.0,0.4,0.8350000000000001,0.4,0.0125,0.740909090909091,0.5186363636363637,0.8981931818181818,3.0,0.0,0.0,3.0,2,1.0,0.9442892728847625,Clarified
184,Norbert Wiener,1,2,4,2,2,4,4,16,D,G,Growth/Global,4,11,7,1.0,PR,PR,PR,0,0,0,1,16,11,7,0,0,1,0,1,0,1,0,0,0,1,1,,16,-5,0.6875,PR,CR,PR,PR,PR,True,CR,False,PR,True,True,1,1,0.939255483868123,0.7547619047619049,0.78,1.0,0.4,0.8949999999999999,0.4,0.0125,0.7547619047619049,0.5283333333333333,0.9128035714285714,3.0,0.0,0.0,3.0,2,1.0,0.9442892728847625,Clarified
185,Oprah Winfrey,2,2,3,4,3,4,4,16,N,G,Growth/Global,4,14,10,1.0,MR,MR,MR,0,0,0,2,16,14,10,0,0,1,0,1,0,0,0,0,0,0,0,,16,-2,0.875,MR,CR,MR,MR,MR,True,CR,False,MR,True,True,1,1,0.9362029303581865,0.8555555555555555,0.74,1.0,0.3,0.895,0.25,0.025,0.8555555555555555,0.5347222222222222,0.895375,1.0,0.0,0.0,1.0,1,0.0,1.7721983056991313,Clarified
186,Oscar Wilde,2,4,4,4,3,3,4,12,T,L,Loss/Limitation,4,17,14,0.75,SR,SR,SR,0,0,0,2,12,17,14,0,0,1,0,1,0,0,0,0,0,0,0,,12,5,1.416666666666667,SR,MR,SR,SR,SR,True,MR,False,SR,True,True,1,1,0.8976949743267897,0.7823529411764706,0.5625,0.7058823529411765,0.3,0.8799999999999999,0.25,0.025,0.5522491349480969,0.4889705882352941,0.7239571799307958,2.0,0.0,0.0,2.0,3,0.0,2.858243789291947,Clarified
187,Pablo Picasso,1,2,4,3,4,4,4,16,D,G,Growth/Global,4,14,10,1.0,SR,SR,SR,0,0,0,1,16,14,10,0,0,1,0,1,0,1,0,0,0,0,0,,16,-2,0.875,SR,CR,SR,SR,SR,True,CR,False,SR,True,True,1,1,0.9426825784917164,0.8055555555555556,0.78,1.0,0.4,0.8949999999999999,0.4,0.0125,0.8055555555555556,0.5638888888888889,0.9333750000000001,3.0,0.0,0.0,3.0,3,0.0,1.9442892728847625,Clarified
188,Padre Pio,4,2,1,4,4,3,3,9,S,J,Journey/Transmission,4,15,12,0.56,SR,SR,SR,0,0,0,1,9,15,12,0,0,0,0,0,0,0,0,0,0,0,0,,9,6,1.666666666666667,SR,SR,SR,SR,SR,True,SR,True,SR,True,True,1,1,0.876929447165602,0.6900000000000001,0.6575,0.6,0.4,0.8499999999999999,0.07500000000000001,0.0125,0.41400000000000003,0.370875,0.65455625,3.0,0.0,0.0,3.0,3,0.0,1.9442892728847625,Clarified
189,Paramahansa Yogananda,1,2,2,4,4,4,4,16,N,G,Growth/Global,4,13,9,1.0,CR,CR,CR,0,0,0,1,16,13,9,0,0,1,0,1,0,0,0,0,1,0,1,,16,-3,0.8125,CR,CR,CR,CR,CR,True,CR,True,CR,True,True,1,1,0.9329136616880478,0.786842105263158,0.74,1.0,0.4,0.835,0.25,0.0125,0.786842105263158,0.4917763157894738,0.8774440789473684,1.0,0.0,0.0,1.0,3,1.0,3.7721983056991313,Clarified
190,Philip K. Dick,2,2,4,4,4,3,2,6,V,L,Loss/Limitation,4,16,13,0.38,SR,SR,SR,0,0,0,3,6,16,13,0,0,0,1,0,0,0,0,0,0,0,0,0.0,6,10,2.666666666666667,SR,FR,SR,SR,SR,True,FR,False,SR,True,True,1,1,0.807931469202396,0.7000000000000001,0.6025,0.375,0.19999999999999996,0.97,-0.09999999999999999,0.1875,0.2625,0.31500000000000006,0.47887499999999994,2.0,0.0,0.0,2.0,3,0.0,2.858243789291947,Clarified
191,Phineas Gage,4,1,2,4,1,1,1,1,S,C,Chaos/Fragmentation,4,12,11,0.06,FR,FR,FR,1,1,0,1,1,12,11,1,0,0,1,0,1,0,1,1,0,0,0,,1,11,12.0,FR,FR,FR,FR,FR,True,FR,True,FR,True,True,0,0,0.441521456104648,0.48333333333333334,0.36,0.08333333333333333,0.10000000000000003,0.79,-0.9083333333333333,0.8958333333333334,0.04027777777777777,0.022152777777777778,-0.07832986111111107,2.0,1.0,2.0,5.0,0,0.0,-2.8836197599296063,Deteriorated
192,Plato,1,2,4,4,4,4,4,16,T,G,Growth/Global,4,15,11,1.0,MR,MR,MR,0,0,0,2,16,15,11,0,0,1,0,1,0,0,0,0,0,0,0,,16,-1,0.9375,MR,CR,MR,MR,MR,True,CR,False,MR,True,True,1,1,0.9349344308836616,0.8764705882352941,0.72,1.0,0.3,0.8199999999999998,0.25,0.025,0.8764705882352941,0.5477941176470589,0.8883602941176469,3.0,0.0,0.0,3.0,1,0.0,-0.0557107271152375,Steady
193,Primo Levi,3,4,4,4,2,3,4,12,T,J,Journey/Transmission,4,17,14,0.75,MR,MR,MR,0,0,0,3,12,17,14,0,0,1,0,1,0,0,0,0,0,0,0,,12,5,1.416666666666667,MR,MR,MR,MR,MR,True,MR,True,MR,True,True,1,1,0.9029758165411386,0.8323529411764706,0.6675,0.7058823529411765,0.19999999999999996,0.8799999999999999,0.25,0.037500000000000006,0.5875432525951558,0.5202205882352942,0.7435785034602075,1.0,0.0,0.0,1.0,1,0.0,1.7721983056991313,Clarified
194,Pythagoras,1,3,4,3,4,4,4,16,N,G,Growth/Global,4,15,11,1.0,MR,MR,MR,0,0,0,2,16,15,11,0,0,1,0,1,0,1,0,0,0,0,0,,16,-1,0.9375,MR,CR,MR,MR,MR,True,CR,False,MR,True,True,1,1,0.941635573422651,0.8764705882352941,0.74,1.0,0.3,0.835,0.4,0.025,0.8764705882352941,0.6135294117647059,0.9269705882352941,3.0,0.0,0.0,3.0,1,0.0,-0.0557107271152375,Steady
195,Rachel Carson,2,2,4,3,2,4,4,16,D,G,Growth/Global,4,13,9,1.0,PR,PR,PR,0,0,0,2,16,13,9,0,0,1,0,1,0,1,0,0,0,1,1,,16,-3,0.8125,PR,CR,PR,PR,PR,True,CR,False,PR,True,True,1,1,0.9432546812575314,0.8368421052631579,0.78,1.0,0.3,0.955,0.4,0.025,0.8368421052631579,0.5857894736842105,0.936921052631579,2.0,0.0,0.0,2.0,2,1.0,1.8582437892919468,Clarified
196,Ram Dass,1,2,3,4,4,3,4,12,H,G,Growth/Global,4,14,11,0.75,CR,CR,CR,0,0,0,1,12,14,11,0,0,1,0,1,0,0,0,0,1,0,1,,12,2,1.166666666666667,CR,MR,CR,CR,CR,True,MR,False,CR,True,True,1,1,0.9199386693961866,0.7928571428571429,0.7,0.8571428571428571,0.4,0.7899999999999999,0.25,0.0125,0.6795918367346939,0.4955357142857143,0.8138380102040815,2.0,0.0,0.0,2.0,3,1.0,2.858243789291947,Clarified
197,Ramakrishna,4,1,2,4,4,3,4,12,V,J,Journey/Transmission,4,15,12,0.75,CR,CR,CR,0,0,0,2,12,15,12,0,0,1,0,1,0,0,0,0,1,0,1,,12,3,1.25,CR,MR,CR,CR,CR,True,MR,False,CR,True,True,1,1,0.9178113761194123,0.8200000000000001,0.7075,0.8,0.3,0.9099999999999999,0.25,0.025,0.6560000000000001,0.5125000000000001,0.8043250000000001,2.0,0.0,0.0,2.0,3,1.0,2.858243789291947,Clarified
198,Ramanujan,1,1,4,2,4,4,4,16,D,B,Biological/Individual,4,12,8,1.0,PR,PR,PR,0,0,0,1,16,12,8,0,0,1,0,1,0,1,0,0,0,1,1,,16,-4,0.75,PR,CR,PR,PR,PR,True,CR,False,PR,True,True,1,1,0.9317841978872773,0.7700000000000001,0.5875,1.0,0.4,0.8350000000000001,0.4,0.0125,0.7700000000000001,0.539,0.871475,3.0,0.0,0.0,3.0,2,1.0,0.9442892728847625,Clarified
199,René Descartes,1,1,4,3,3,4,4,16,D,B,Biological/Individual,4,12,8,1.0,PR,PR,PR,0,0,0,1,16,12,8,0,0,1,0,1,0,1,0,0,0,1,1,,16,-4,0.75,PR,CR,PR,PR,PR,True,CR,False,PR,True,True,1,1,0.9317841978872773,0.7700000000000001,0.5875,1.0,0.4,0.8350000000000001,0.4,0.0125,0.7700000000000001,0.539,0.871475,3.0,0.0,0.0,3.0,2,1.0,0.9442892728847625,Clarified
200,Richard Byrd,2,4,2,3,3,3,4,12,N,L,Loss/Limitation,3,14,11,0.75,MR,MR,MR,0,0,0,1,12,14,11,0,0,1,0,1,0,0,0,0,0,0,0,,12,2,1.166666666666667,MR,MR,MR,MR,MR,True,MR,True,MR,True,True,1,1,0.9126965939885949,0.7928571428571429,0.52,0.8571428571428571,0.4,0.8200000000000001,0.25,0.0125,0.6795918367346939,0.4955357142857143,0.7823380102040817,0.0,0.0,0.0,0.0,1,0.0,2.6861528221063153,Clarified
201,Richard Lovelace,1,4,3,3,4,3,3,9,V,L,Loss/Limitation,3,15,12,0.56,SR,SR,SR,0,0,0,1,9,15,12,0,0,0,0,0,0,0,0,0,0,0,0,0.0,9,6,1.666666666666667,SR,SR,SR,SR,SR,True,SR,True,SR,True,True,1,1,0.8683466592123439,0.6900000000000001,0.54,0.6,0.4,0.835,0.07500000000000001,0.0125,0.41400000000000003,0.370875,0.62880625,2.0,0.0,0.0,2.0,3,0.0,2.858243789291947,Clarified
202,Robert Schumann,4,2,3,4,4,2,2,4,S,C,Chaos/Fragmentation,3,17,15,0.25,SR,SR,SR,0,0,1,1,4,17,15,0,1,0,1,0,1,0,0,0,0,0,0,,4,13,4.25,SR,FR,SR,SR,SR,True,FR,False,SR,True,True,1,1,0.8191184734243,0.5441176470588236,0.2975,0.23529411764705882,1.0,0.835,0.25000000000000006,0.1875,0.12802768166089967,0.3400735294117647,0.5034621539792387,1.0,1.0,0.0,2.0,3,0.0,2.858243789291947,Clarified
203,Robert Stroud,1,4,3,3,2,3,4,12,N,L,Loss/Limitation,3,13,10,0.75,PR,PR,PR,0,0,0,1,12,13,10,0,0,1,0,1,0,0,0,0,0,1,1,,12,1,1.083333333333333,PR,MR,PR,PR,PR,True,MR,False,PR,True,True,1,1,0.9184054769664185,0.8192307692307693,0.52,0.9230769230769231,0.4,0.76,0.25,0.0125,0.7562130177514794,0.5120192307692308,0.8069589497041422,2.0,0.0,0.0,2.0,2,1.0,1.8582437892919468,Clarified
204,Rosa Parks,1,2,2,4,3,4,4,16,A,J,Journey/Transmission,4,12,8,1.0,MR,MR,MR,0,0,0,1,16,12,8,0,0,1,0,1,0,0,0,0,0,0,0,,16,-4,0.75,MR,CR,MR,MR,MR,True,CR,False,MR,True,True,1,1,0.9271314010882589,0.7700000000000001,0.6475,1.0,0.4,0.8049999999999999,0.25,0.0125,0.7700000000000001,0.48125000000000007,0.8478125,1.0,0.0,0.0,1.0,1,0.0,1.7721983056991313,Clarified
205,Rosalind Franklin,1,2,4,2,2,4,4,16,D,G,Growth/Global,4,11,7,1.0,PR,PR,PR,0,0,0,1,16,11,7,0,0,1,0,1,0,1,0,0,0,1,1,,16,-5,0.6875,PR,CR,PR,PR,PR,True,CR,False,PR,True,True,1,1,0.939255483868123,0.7547619047619049,0.78,1.0,0.4,0.8949999999999999,0.4,0.0125,0.7547619047619049,0.5283333333333333,0.9128035714285714,3.0,0.0,0.0,3.0,2,1.0,0.9442892728847625,Clarified
206,Rumi,1,2,2,4,4,4,4,16,H,B,Biological/Individual,4,13,9,1.0,CR,CR,CR,0,0,0,2,16,13,9,0,0,1,0,1,0,0,0,0,1,0,1,,16,-3,0.8125,CR,CR,CR,CR,CR,True,CR,True,CR,True,True,1,1,0.9225329019799294,0.8368421052631579,0.5075,1.0,0.3,0.7899999999999999,0.25,0.025,0.8368421052631579,0.5230263157894737,0.8257565789473684,1.0,0.0,0.0,1.0,3,1.0,3.7721983056991313,Clarified
207,Sarah Bernhardt,4,2,2,3,3,3,4,12,S,L,Loss/Limitation,4,14,11,0.75,SR,SR,SR,0,0,0,1,12,14,11,0,0,1,0,1,0,0,0,0,0,0,0,,12,2,1.166666666666667,SR,MR,SR,SR,SR,True,MR,False,SR,True,True,1,1,0.9173605970593325,0.7928571428571429,0.5525,0.8571428571428571,0.4,0.9099999999999999,0.25,0.0125,0.6795918367346939,0.4955357142857143,0.8023380102040817,2.0,0.0,0.0,2.0,3,0.0,2.858243789291947,Clarified
208,Shams Tabrizi,1,2,2,4,4,4,4,16,H,J,Journey/Transmission,4,13,9,1.0,CR,CR,CR,0,0,0,2,16,13,9,0,0,1,0,1,0,0,0,0,1,0,1,,16,-3,0.8125,CR,CR,CR,CR,CR,True,CR,True,CR,True,True,1,1,0.9283269868978807,0.8368421052631579,0.6475,1.0,0.3,0.7899999999999999,0.25,0.025,0.8368421052631579,0.5230263157894737,0.8537565789473684,1.0,0.0,0.0,1.0,3,1.0,3.7721983056991313,Clarified
209,Sheikh Ahmed Bamba,1,4,2,4,4,3,4,12,V,J,Journey/Transmission,4,15,12,0.75,MR,MR,MR,0,0,0,1,12,15,12,0,0,1,0,1,0,0,0,0,0,0,0,,12,3,1.25,MR,MR,MR,MR,MR,True,MR,True,MR,True,True,1,1,0.9179103285128034,0.7700000000000001,0.7075,0.8,0.4,0.9099999999999999,0.25,0.0125,0.6160000000000001,0.48125000000000007,0.8047624999999999,1.0,0.0,0.0,1.0,1,0.0,1.7721983056991313,Clarified
210,Shoko Asahara,3,2,2,4,2,1,1,1,V,C,Chaos/Fragmentation,4,13,12,0.06,FR,FR,FR,1,1,0,2,1,13,12,1,0,0,1,0,1,0,1,1,0,0,0,,1,12,13.0,FR,FR,FR,FR,FR,True,FR,True,FR,True,True,0,0,0.45842838437955485,0.5307692307692308,0.41000000000000003,0.07692307692307693,0.0,0.97,-0.9083333333333333,0.9083333333333334,0.04082840236686391,0.02432692307692308,-0.05555707593688358,1.0,1.0,2.0,4.0,0,0.0,-1.969665243522422,Deteriorated
211,Simone de Beauvoir,1,2,4,4,2,4,4,16,T,G,Growth/Global,4,13,9,1.0,MR,MR,MR,0,0,0,2,16,13,9,0,0,1,0,1,0,0,0,0,0,0,0,,16,-3,0.8125,MR,CR,MR,MR,MR,True,CR,False,MR,True,True,1,1,0.9320281732898704,0.8368421052631579,0.72,1.0,0.3,0.8199999999999998,0.25,0.025,0.8368421052631579,0.5230263157894737,0.8727565789473684,3.0,0.0,0.0,3.0,1,0.0,-0.0557107271152375,Steady
212,Simone Weil,2,2,4,4,4,4,4,16,N,G,Growth/Global,4,16,12,1.0,MR,MR,MR,0,0,0,2,16,16,12,0,0,1,0,1,0,0,0,0,0,0,0,,16,0,1.0,MR,CR,MR,MR,MR,True,CR,False,MR,True,True,1,1,0.9392677087073756,0.9,0.74,1.0,0.3,0.895,0.25,0.025,0.9,0.5625,0.912875,2.0,0.0,0.0,2.0,1,0.0,0.8582437892919468,Clarified
213,Sitting Bull,1,3,2,4,4,3,4,12,V,J,Journey/Transmission,4,14,11,0.75,MR,MR,MR,0,0,0,1,12,14,11,0,0,1,0,1,0,0,0,0,0,0,0,,12,2,1.166666666666667,MR,MR,MR,MR,MR,True,MR,True,MR,True,True,1,1,0.9241428035709668,0.7928571428571429,0.7075,0.8571428571428571,0.4,0.9099999999999999,0.25,0.0125,0.6795918367346939,0.4955357142857143,0.8333380102040816,1.0,0.0,0.0,1.0,1,0.0,1.7721983056991313,Clarified
214,Socrates,1,2,4,4,3,4,4,16,A,L,Loss/Limitation,4,14,10,1.0,MR,MR,MR,0,0,0,3,16,14,10,0,0,1,0,1,0,0,0,0,0,0,0,,16,-2,0.875,MR,CR,MR,MR,MR,True,CR,False,MR,True,True,1,1,0.9263421202225586,0.9055555555555556,0.5425,1.0,0.19999999999999996,0.8049999999999999,0.25,0.037500000000000006,0.9055555555555556,0.5659722222222222,0.8439374999999999,3.0,0.0,0.0,3.0,1,0.0,-0.0557107271152375,Steady
215,Sojourner Truth,2,3,3,4,3,4,4,16,A,B,Biological/Individual,4,15,11,1.0,MR,MR,MR,0,0,0,1,16,15,11,0,0,1,0,1,0,0,0,0,0,0,0,,16,-1,0.9375,MR,CR,MR,MR,MR,True,CR,False,MR,True,True,1,1,0.9277844062435732,0.8264705882352942,0.5075,1.0,0.4,0.865,0.25,0.0125,0.8264705882352942,0.5165441176470589,0.851047794117647,1.0,0.0,0.0,1.0,1,0.0,1.7721983056991313,Clarified
216,St. Anthony,1,4,2,4,4,3,4,12,V,J,Journey/Transmission,4,15,12,0.75,CR,CR,CR,0,0,0,1,12,15,12,0,0,1,0,1,0,0,0,0,1,0,1,,12,3,1.25,CR,MR,CR,CR,CR,True,MR,False,CR,True,True,1,1,0.9179103285128034,0.7700000000000001,0.7075,0.8,0.4,0.9099999999999999,0.25,0.0125,0.6160000000000001,0.48125000000000007,0.8047624999999999,1.0,0.0,0.0,1.0,3,1.0,3.7721983056991313,Clarified
217,St. Augustine,1,2,3,4,3,3,4,12,T,B,Biological/Individual,4,13,10,0.75,MR,MR,MR,0,0,0,2,12,13,10,0,0,1,0,1,0,0,0,0,0,0,0,,12,1,1.083333333333333,MR,MR,MR,MR,MR,True,MR,True,MR,True,True,1,1,0.9209086008127148,0.8692307692307693,0.5275,0.9230769230769231,0.3,0.8199999999999998,0.25,0.025,0.8023668639053255,0.5432692307692308,0.8182522189349112,2.0,0.0,0.0,2.0,1,0.0,0.8582437892919468,Clarified
218,St. John of the Cross,3,4,2,4,4,3,4,12,V,L,Loss/Limitation,4,17,14,0.75,SR,SR,SR,0,0,0,3,12,17,14,0,0,1,0,1,0,0,0,0,0,0,0,,12,5,1.416666666666667,SR,MR,SR,SR,SR,True,MR,False,SR,True,True,1,1,0.9031071528653938,0.8323529411764706,0.6025,0.7058823529411765,0.19999999999999996,0.97,0.25,0.037500000000000006,0.5875432525951558,0.5202205882352942,0.7440785034602075,1.0,0.0,0.0,1.0,3,0.0,3.7721983056991313,Clarified
219,St. Paul,4,2,2,4,3,3,3,9,A,J,Journey/Transmission,4,15,12,0.56,MR,MR,MR,0,0,0,3,9,15,12,0,0,0,0,0,0,0,0,0,0,0,0,,9,6,1.666666666666667,MR,MR,MR,MR,MR,True,MR,True,MR,True,True,1,1,0.8749941046716694,0.79,0.6475,0.6,0.19999999999999996,0.865,0.07500000000000001,0.037500000000000006,0.474,0.424625,0.6486187499999999,2.0,0.0,0.0,2.0,1,0.0,0.8582437892919468,Clarified
220,Steve Jobs,2,2,4,4,3,4,3,12,N,B,Biological/Individual,4,15,11,0.75,PR,PR,PR,0,0,0,2,12,15,11,0,0,1,0,0,0,0,0,0,0,1,1,,12,3,1.25,PR,MR,PR,PR,PR,True,MR,False,PR,True,True,1,1,0.908409066217672,0.8200000000000001,0.5475,0.8,0.3,0.895,0.225,0.025,0.6560000000000001,0.5022500000000001,0.7647875000000001,2.0,0.0,0.0,2.0,2,1.0,1.8582437892919468,Clarified
221,Sun Tzu,1,2,4,3,2,4,4,16,N,G,Growth/Global,3,12,8,1.0,PR,PR,PR,0,0,0,1,16,12,8,0,0,1,0,1,0,1,0,0,0,1,1,,16,-4,0.75,PR,CR,PR,PR,PR,True,CR,False,PR,True,True,1,1,0.9330601366803464,0.7700000000000001,0.6775,1.0,0.4,0.76,0.4,0.0125,0.7700000000000001,0.539,0.878225,3.0,0.0,0.0,3.0,2,1.0,0.9442892728847625,Clarified
222,Susan B. Anthony,1,2,3,4,2,4,4,16,T,G,Growth/Global,4,12,8,1.0,MR,MR,MR,0,0,0,1,16,12,8,0,0,1,0,1,0,0,0,0,0,0,0,,16,-4,0.75,MR,CR,MR,MR,MR,True,CR,False,MR,True,True,1,1,0.9304542112797267,0.7700000000000001,0.72,1.0,0.4,0.8199999999999998,0.25,0.0125,0.7700000000000001,0.48125000000000007,0.8645624999999999,2.0,0.0,0.0,2.0,1,0.0,0.8582437892919468,Clarified
223,T.S. Eliot,2,2,4,4,3,3,4,12,T,L,Loss/Limitation,4,15,12,0.75,SR,SR,SR,0,0,0,2,12,15,12,0,0,1,0,1,0,0,0,0,0,0,0,,12,3,1.25,SR,MR,SR,SR,SR,True,MR,False,SR,True,True,1,1,0.9099049566108864,0.8200000000000001,0.5625,0.8,0.3,0.8799999999999999,0.25,0.025,0.6560000000000001,0.5125000000000001,0.770825,2.0,0.0,0.0,2.0,3,0.0,2.858243789291947,Clarified
224,Tecumseh,1,4,2,4,3,3,3,9,V,J,Journey/Transmission,4,14,11,0.56,MR,MR,MR,0,0,0,1,9,14,11,0,0,0,0,0,0,0,0,0,0,0,0,,9,5,1.555555555555556,MR,MR,MR,MR,MR,True,MR,True,MR,True,True,1,1,0.8889467405742412,0.7071428571428572,0.7075,0.6428571428571429,0.4,0.9099999999999999,0.07500000000000001,0.0125,0.45459183673469394,0.38008928571428574,0.693342474489796,1.0,0.0,0.0,1.0,1,0.0,1.7721983056991313,Clarified
225,Temple Grandin,4,2,3,3,2,4,4,16,S,L,Loss/Limitation,4,14,10,1.0,PR,PR,PR,0,0,0,1,16,14,10,0,0,1,0,1,0,0,0,0,0,1,1,,16,-2,0.875,PR,CR,PR,PR,PR,True,CR,False,PR,True,True,1,1,0.9292803828480241,0.8055555555555556,0.5525,1.0,0.4,0.9099999999999999,0.25,0.0125,0.8055555555555556,0.5034722222222222,0.8585625,1.0,0.0,0.0,1.0,2,1.0,2.7721983056991313,Clarified
226,Teresa of Ávila,2,2,2,4,4,3,4,12,S,L,Loss/Limitation,4,14,11,0.75,SR,SR,SR,0,0,0,3,12,14,11,0,0,1,0,1,0,0,0,0,0,0,0,,12,2,1.166666666666667,SR,MR,SR,SR,SR,True,MR,False,SR,True,True,1,1,0.9174214954880876,0.8928571428571429,0.5525,0.8571428571428571,0.19999999999999996,0.9099999999999999,0.25,0.037500000000000006,0.7653061224489796,0.5580357142857143,0.8026058673469387,0.0,0.0,0.0,0.0,3,0.0,4.686152822106315,Clarified
227,The Beatles,1,2,4,3,4,4,4,16,D,G,Growth/Global,4,14,10,1.0,SR,SR,SR,0,0,0,1,16,14,10,0,0,1,0,1,0,1,0,0,0,0,0,,16,-2,0.875,SR,CR,SR,SR,SR,True,CR,False,SR,True,True,1,1,0.9426825784917164,0.8055555555555556,0.78,1.0,0.4,0.8949999999999999,0.4,0.0125,0.8055555555555556,0.5638888888888889,0.9333750000000001,3.0,0.0,0.0,3.0,3,0.0,1.9442892728847625,Clarified
228,Thea Bowman,4,2,2,4,4,3,4,12,S,J,Journey/Transmission,4,16,13,0.75,MR,MR,MR,0,0,0,1,12,16,13,0,0,1,0,1,0,0,0,0,0,0,0,,12,4,1.333333333333333,MR,MR,MR,MR,MR,True,MR,True,MR,True,True,1,1,0.909748050868999,0.7500000000000001,0.6575,0.75,0.4,0.9099999999999999,0.25,0.0125,0.5625000000000001,0.46875000000000006,0.7701875,2.0,0.0,0.0,2.0,1,0.0,0.8582437892919468,Clarified
229,Therese Neumann,4,2,1,4,4,2,3,6,S,J,Journey/Transmission,4,15,13,0.38,SR,SR,SR,0,0,0,1,6,15,13,0,0,0,1,0,0,0,0,0,0,0,0,,6,9,2.5,SR,SR,SR,SR,SR,True,SR,True,SR,True,True,1,1,0.817235856351143,0.6100000000000001,0.6575,0.4,0.4,0.8499999999999999,-0.07499999999999998,0.1625,0.24400000000000005,0.28212500000000007,0.49924375,3.0,0.0,0.0,3.0,3,0.0,1.9442892728847625,Clarified
230,Thomas Edison,3,1,4,2,2,4,4,16,D,G,Growth/Global,4,12,8,1.0,PR,PR,PR,0,0,0,2,16,12,8,0,0,1,0,1,0,1,0,0,0,1,1,,16,-4,0.75,PR,CR,PR,PR,PR,True,CR,False,PR,True,True,1,1,0.9406601037287823,0.8200000000000001,0.78,1.0,0.3,0.8949999999999999,0.4,0.025,0.8200000000000001,0.574,0.9211000000000001,1.0,0.0,0.0,1.0,2,1.0,2.7721983056991313,Clarified
231,Thomas Kuhn,1,1,4,2,2,4,4,16,D,G,Growth/Global,4,10,6,1.0,PR,PR,PR,0,0,0,1,16,10,6,0,0,1,0,1,0,1,0,0,0,1,1,,16,-6,0.625,PR,CR,PR,PR,PR,True,CR,False,PR,True,True,1,1,0.936706036623394,0.740909090909091,0.78,1.0,0.4,0.8350000000000001,0.4,0.0125,0.740909090909091,0.5186363636363637,0.8981931818181818,3.0,0.0,0.0,3.0,2,1.0,0.9442892728847625,Clarified
232,Thomas Merton,1,3,3,4,3,4,4,16,N,G,Growth/Global,3,14,10,1.0,CR,CR,CR,0,0,0,2,16,14,10,0,0,1,0,1,0,0,0,0,1,0,1,,16,-2,0.875,CR,CR,CR,CR,CR,True,CR,True,CR,True,True,1,1,0.9300771468582464,0.8555555555555555,0.6775,1.0,0.3,0.76,0.25,0.025,0.8555555555555555,0.5347222222222222,0.862625,2.0,0.0,0.0,2.0,3,1.0,2.858243789291947,Clarified
233,Viktor Frankl,2,4,3,4,2,4,4,16,N,G,Growth/Global,4,15,11,1.0,MR,MR,MR,0,0,0,2,16,15,11,0,0,1,0,1,0,0,0,0,0,0,0,,16,-1,0.9375,MR,CR,MR,MR,MR,True,CR,False,MR,True,True,1,1,0.9376627324653157,0.8764705882352941,0.74,1.0,0.3,0.895,0.25,0.025,0.8764705882352941,0.5477941176470589,0.903610294117647,1.0,0.0,0.0,1.0,1,0.0,1.7721983056991313,Clarified
234,Viktor Schauberger,1,2,4,2,3,3,3,9,V,B,Biological/Individual,3,12,9,0.56,PR,PR,PR,0,0,0,1,9,12,9,0,0,0,0,0,0,1,0,0,0,1,1,,9,3,1.333333333333333,PR,PR,PR,PR,PR,True,PR,True,PR,True,True,1,1,0.8975085944927623,0.7500000000000001,0.505,0.75,0.4,0.835,0.225,0.0125,0.5625000000000001,0.4593750000000001,0.7232812500000002,3.0,0.0,0.0,3.0,2,1.0,0.9442892728847625,Clarified
235,Václav Havel,2,4,3,4,3,4,4,16,T,G,Growth/Global,4,16,12,1.0,MR,MR,MR,0,0,0,2,16,16,12,0,0,1,0,1,0,0,0,0,0,0,0,,16,0,1.0,MR,CR,MR,MR,MR,True,CR,False,MR,True,True,1,1,0.9381892853646667,0.9,0.72,1.0,0.3,0.8799999999999999,0.25,0.025,0.9,0.5625,0.906625,1.0,0.0,0.0,1.0,1,0.0,1.7721983056991313,Clarified
236,W.E.B. Du Bois,1,2,4,4,2,4,4,16,T,G,Growth/Global,4,13,9,1.0,MR,MR,MR,0,0,0,1,16,13,9,0,0,1,0,1,0,0,0,0,0,0,0,,16,-3,0.8125,MR,CR,MR,MR,MR,True,CR,False,MR,True,True,1,1,0.9317306103359905,0.786842105263158,0.72,1.0,0.4,0.8199999999999998,0.25,0.0125,0.786842105263158,0.4917763157894738,0.8711940789473683,3.0,0.0,0.0,3.0,1,0.0,-0.0557107271152375,Steady
237,Walt Whitman,2,2,3,4,4,4,4,16,N,G,Growth/Global,4,15,11,1.0,SR,SR,SR,0,0,0,3,16,15,11,0,0,1,0,1,0,0,0,0,0,0,0,,16,-1,0.9375,SR,CR,SR,SR,SR,True,CR,False,SR,True,True,1,1,0.9379361616342791,0.9264705882352942,0.74,1.0,0.19999999999999996,0.895,0.25,0.037500000000000006,0.9264705882352942,0.5790441176470589,0.9051727941176471,1.0,0.0,0.0,1.0,3,0.0,3.7721983056991313,Clarified
238,Werner Heisenberg,1,2,4,2,3,4,4,16,N,B,Biological/Individual,3,12,8,1.0,PR,PR,PR,0,0,0,1,16,12,8,0,0,1,0,1,0,1,0,0,0,1,1,,16,-4,0.75,PR,CR,PR,PR,PR,True,CR,False,PR,True,True,1,1,0.9254751738303238,0.7700000000000001,0.485,1.0,0.4,0.76,0.4,0.0125,0.7700000000000001,0.539,0.839725,3.0,0.0,0.0,3.0,2,1.0,0.9442892728847625,Clarified
239,Wilhelm Röntgen,1,1,4,2,2,4,4,16,D,G,Growth/Global,4,10,6,1.0,PR,PR,PR,0,0,0,1,16,10,6,0,0,1,0,1,0,1,0,0,0,1,1,,16,-6,0.625,PR,CR,PR,PR,PR,True,CR,False,PR,True,True,1,1,0.936706036623394,0.740909090909091,0.78,1.0,0.4,0.8350000000000001,0.4,0.0125,0.740909090909091,0.5186363636363637,0.8981931818181818,3.0,0.0,0.0,3.0,2,1.0,0.9442892728847625,Clarified
240,William Blake,2,1,3,3,4,3,3,9,V,L,Loss/Limitation,4,13,10,0.56,SR,SR,SR,0,0,0,2,9,13,10,0,0,0,0,0,0,0,0,0,0,0,0,0.0,9,4,1.444444444444444,SR,SR,SR,SR,SR,True,SR,True,SR,True,True,1,1,0.8889540730904933,0.7769230769230769,0.6025,0.6923076923076923,0.3,0.9099999999999999,0.07500000000000001,0.025,0.5378698224852071,0.41759615384615384,0.6933672337278107,1.0,0.0,0.0,1.0,3,0.0,3.7721983056991313,Clarified
241,William Wilberforce,1,2,3,4,3,4,4,16,T,G,Growth/Global,4,13,9,1.0,MR,MR,MR,0,0,0,1,16,13,9,0,0,1,0,1,0,0,0,0,0,0,0,,16,-3,0.8125,MR,CR,MR,MR,MR,True,CR,False,MR,True,True,1,1,0.9317306103359905,0.786842105263158,0.72,1.0,0.4,0.8199999999999998,0.25,0.0125,0.786842105263158,0.4917763157894738,0.8711940789473683,2.0,0.0,0.0,2.0,1,0.0,0.8582437892919468,Clarified
242,Winston Churchill,2,3,3,4,3,4,4,16,T,G,Growth/Global,4,15,11,1.0,MR,MR,MR,0,0,0,1,16,15,11,0,0,1,0,1,0,0,0,0,0,0,0,,16,-1,0.9375,MR,CR,MR,MR,MR,True,CR,False,MR,True,True,1,1,0.9362786451344554,0.8264705882352942,0.72,1.0,0.4,0.8799999999999999,0.25,0.0125,0.8264705882352942,0.5165441176470589,0.895797794117647,1.0,0.0,0.0,1.0,1,0.0,1.7721983056991313,Clarified
243,Yayoi Kusama,4,2,3,4,4,3,2,6,V,L,Loss/Limitation,4,17,14,0.38,SR,SR,SR,0,0,0,1,6,17,14,0,0,0,1,0,0,0,0,0,0,0,0,0.0,6,11,2.833333333333333,SR,FR,SR,SR,SR,True,FR,False,SR,True,True,1,1,0.8092503042721634,0.5911764705882354,0.6025,0.35294117647058826,0.4,0.97,-0.09999999999999999,0.1625,0.20865051903114193,0.26602941176470596,0.4817153979238754,1.0,0.0,0.0,1.0,3,0.0,3.7721983056991313,Clarified
244,Zora Neale Hurston,1,2,3,4,4,3,4,12,N,L,Loss/Limitation,4,14,11,0.75,SR,SR,SR,0,0,0,1,12,14,11,0,0,1,0,1,0,0,0,0,0,0,0,,12,2,1.166666666666667,SR,MR,SR,SR,SR,True,MR,False,SR,True,True,1,1,0.9161587118173106,0.7928571428571429,0.5825,0.8571428571428571,0.4,0.835,0.25,0.0125,0.6795918367346939,0.4955357142857143,0.7970880102040817,2.0,0.0,0.0,2.0,3,0.0,2.858243789291947,Clarified
245,Zoroaster,1,2,2,4,4,3,4,12,V,B,Biological/Individual,4,13,10,0.75,MR,MR,MR,0,0,0,2,12,13,10,0,0,1,0,1,0,0,0,0,0,0,0,,12,1,1.083333333333333,MR,MR,MR,MR,MR,True,MR,True,MR,True,True,1,1,0.9254808055760482,0.8692307692307693,0.5675,0.9230769230769231,0.3,0.9099999999999999,0.25,0.025,0.8023668639053255,0.5432692307692308,0.8397522189349113,1.0,0.0,0.0,1.0,1,0.0,1.7721983056991313,Clarified
