Case_ID,Case Name,Bio,Env,Cog,Id,Sym,C,Φ,Q=C×Φ,Mode,Ω,Integration Type,I,Load,Tension,κ,Outcome,Out(t₀),Out(late),Template_Deficit,FR Risk,Rescue,Walls,Q_calc,Load_calc,Tension_calc,FR_rule,Rescue_rule,Q_ge_12_rule,Q_le_6_rule,Phi_eq_4_rule,Low_C_low_Phi_rule,PR_rule_candidate,Is_FR_t0,Is_FR_late,Is_CR_t0,Is_PR_t0,Is_Clean_CR_PR,Ext,Q_predicted,Tension_predicted,kappa_predicted,Regime_Predicted,Regime_Predicted_TwoLaws_Strict,Regime_Predicted_TwoLaws_Calibrated,Regime_Actual_Normalized,Regime_Predicted_Normalized,Match_Default,Regime_Predicted_TwoLaws_Strict_Normalized,Match_TwoLaws_Strict,Regime_Predicted_TwoLaws_Calibrated_Normalized,Match_TwoLaws_Calibrated,Match,Domain,Reboot_Quality,Q_rho,SC,CID,ECC,ID,CAC,Frag,z
1,Abraham Lincoln,2,2,3,4,3,4,4,16,N,B,Biological/Individual,4,14,10,1.0,MR,MR,MR,0,0,0,2,16,14,10,0,0,1,0,1,0,0,0,0,0,0,0,,16,-2,0.875,MR,CR,MR,MR,MR,True,CR,False,MR,True,True,atlas,1,0.8145725807070178,0.4,1.0,0.8,0.95,0.7,0.1,0.7400000000000001
2,Ada Lovelace,3,1,4,2,3,4,4,16,D,B,Biological/Individual,3,13,9,1.0,PR,PR,PR,0,0,0,2,16,13,9,0,0,1,0,1,0,1,0,0,0,1,1,,16,-3,0.8125,PR,CR,PR,PR,PR,True,CR,False,PR,True,True,atlas,1,0.7426905453026857,0.6,1.0,0.6,0.95,0.1,0.4,0.53
3,Adam Smith,1,1,4,2,2,4,4,16,D,G,Growth/Global,3,10,6,1.0,PR,PR,PR,0,0,0,1,16,10,6,0,0,1,0,1,0,1,0,0,0,1,1,,16,-6,0.625,PR,CR,PR,PR,PR,True,CR,False,PR,True,True,atlas,1,0.7426905453026857,0.6,1.0,0.6,0.95,0.1,0.4,0.53
4,Admiral James Stockdale,3,4,3,4,3,4,4,16,N,G,Growth/Global,4,17,13,1.0,MR,MR,MR,0,0,0,2,16,17,13,0,0,1,0,1,0,0,0,0,0,0,0,,16,1,1.0625,MR,CR,MR,MR,MR,True,CR,False,MR,True,True,atlas,1,0.804784519651317,0.4,0.9411764705882353,0.7,0.95,0.7,0.1,0.708235294117647
5,Akhenaten,1,2,2,4,4,3,3,9,V,J,Journey/Transmission,4,13,10,0.56,MR,MR,MR,0,0,0,1,9,13,10,0,0,0,0,0,0,0,0,0,0,0,0,4.0,9,4,1.444444444444444,MR,SR,MR,MR,MR,True,SR,False,MR,True,True,atlas,1,0.7952591619892629,0.4,0.6923076923076923,0.8,0.95,0.7,0.1,0.6784615384615386
6,Akira Kurosawa,2,2,3,4,3,3,4,12,T,L,Loss/Limitation,4,14,11,0.75,SR,SR,SR,0,0,0,2,12,14,11,0,0,1,0,1,0,0,0,0,0,0,0,,12,2,1.166666666666667,SR,MR,SR,SR,SR,True,MR,False,SR,True,True,atlas,1,0.8057859355516407,0.4,0.8571428571428571,0.8,0.95,0.7,0.1,0.7114285714285714
7,Alan Turing,3,2,4,3,2,4,3,12,T,B,Biological/Individual,3,14,10,0.75,PR,PR,PR,0,0,0,1,12,14,10,0,0,1,0,0,0,1,0,0,0,1,1,,12,2,1.166666666666667,PR,MR,PR,PR,PR,True,MR,False,PR,True,True,atlas,1,0.7316199560257679,0.6,0.8571428571428571,0.6,0.95,0.1,0.4,0.5014285714285714
8,Albert Einstein,1,1,4,2,3,4,4,16,D,B,Biological/Individual,3,11,7,1.0,PR,PR,PR,0,0,0,1,16,11,7,0,0,1,0,1,0,1,0,0,0,1,1,,16,-5,0.6875,PR,CR,PR,PR,PR,True,CR,False,PR,True,True,atlas,1,0.7426905453026857,0.6,1.0,0.6,0.95,0.1,0.4,0.53
9,Aleksandr Solzhenitsyn,3,4,3,4,3,4,4,16,T,G,Growth/Global,4,17,13,1.0,MR,MR,MR,0,0,0,2,16,17,13,0,0,1,0,1,0,0,0,0,0,0,0,,16,1,1.0625,MR,CR,MR,MR,MR,True,CR,False,MR,True,True,atlas,1,0.804784519651317,0.4,0.9411764705882353,0.7,0.95,0.7,0.1,0.708235294117647
10,Alexander Fleming,1,1,4,2,2,4,4,16,D,G,Growth/Global,4,10,6,1.0,PR,PR,PR,0,0,0,1,16,10,6,0,0,1,0,1,0,1,0,0,0,1,1,,16,-6,0.625,PR,CR,PR,PR,PR,True,CR,False,PR,True,True,atlas,1,0.7426905453026857,0.6,1.0,0.6,0.95,0.1,0.4,0.53
11,Alexander Hamilton,1,3,3,4,2,4,4,16,T,G,Growth/Global,4,13,9,1.0,MR,MR,MR,0,0,0,1,16,13,9,0,0,1,0,1,0,0,0,0,0,0,0,,16,-3,0.8125,MR,CR,MR,MR,MR,True,CR,False,MR,True,True,atlas,1,0.8145725807070178,0.4,1.0,0.8,0.95,0.7,0.1,0.7400000000000001
12,Alexander Pope,3,2,4,3,3,4,4,16,S,L,Loss/Limitation,3,15,11,1.0,PR,PR,PR,0,0,0,1,16,15,11,0,0,1,0,1,0,1,0,0,0,1,1,,16,-1,0.9375,PR,CR,PR,PR,PR,True,CR,False,PR,True,True,atlas,1,0.7426905453026857,0.6,1.0,0.6,0.95,0.1,0.4,0.53
13,Alexander the Great,2,3,3,4,3,4,3,12,N,B,Biological/Individual,4,15,11,0.75,MR,MR,MR,0,0,0,1,12,15,11,0,0,1,0,0,0,0,0,0,0,0,0,,12,3,1.25,MR,MR,MR,MR,MR,True,MR,True,MR,True,True,atlas,1,0.8021838885585818,0.4,0.8,0.8,0.95,0.7,0.1,0.7000000000000001
14,Alfred North Whitehead,1,1,4,3,3,4,4,16,D,G,Growth/Global,3,12,8,1.0,PR,PR,PR,0,0,0,1,16,12,8,0,0,1,0,1,0,1,0,0,0,1,1,,16,-4,0.75,PR,CR,PR,PR,PR,True,CR,False,PR,True,True,atlas,1,0.7426905453026857,0.6,1.0,0.6,0.95,0.1,0.4,0.53
15,Alfred Russel Wallace,3,3,4,2,3,4,4,16,D,G,Growth/Global,4,15,11,1.0,PR,PR,PR,0,0,0,2,16,15,11,0,0,1,0,1,0,1,0,0,0,1,1,,16,-1,0.9375,PR,CR,PR,PR,PR,True,CR,False,PR,True,True,atlas,1,0.7426905453026857,0.6,1.0,0.6,0.95,0.1,0.4,0.53
16,Alfred Wegener,1,2,4,2,2,3,3,9,D,G,Growth/Global,3,11,8,0.56,PR,PR,PR,0,0,0,1,9,11,8,0,0,0,0,0,0,1,0,0,0,1,1,,9,2,1.222222222222222,PR,PR,PR,PR,PR,True,PR,True,PR,True,True,atlas,1,0.7285488984806162,0.6,0.8181818181818182,0.6,0.95,0.1,0.4,0.49363636363636376
17,Angela of Foligno,3,2,2,4,4,3,3,9,V,B,Biological/Individual,4,15,12,0.56,SR,SR,SR,0,0,0,2,9,15,12,0,0,0,0,0,0,0,0,0,0,0,0,0.0,9,6,1.666666666666667,SR,SR,SR,SR,SR,True,SR,True,SR,True,True,atlas,1,0.789181706522253,0.4,0.6,0.8,0.95,0.7,0.1,0.66
18,Anita Moorjani,4,1,1,4,4,3,4,12,X,J,Journey/Transmission,4,14,11,0.75,CR,CR,CR,0,0,0,1,12,14,11,0,0,1,0,1,0,0,0,0,1,0,1,,12,2,1.166666666666667,CR,MR,CR,CR,CR,True,MR,False,CR,True,True,atlas,1,0.6508680818911454,0.6,0.8571428571428571,0.5,0.95,-0.3,0.7,0.3114285714285714
19,Ann Lee,2,2,2,4,4,3,3,9,V,J,Journey/Transmission,4,14,11,0.56,MR,MR,MR,0,0,0,1,9,14,11,0,0,0,0,0,0,0,0,0,0,0,0,3.0,9,5,1.555555555555556,MR,SR,MR,MR,MR,True,SR,False,MR,True,True,atlas,1,0.792019692682582,0.4,0.6428571428571429,0.8,0.95,0.7,0.1,0.6685714285714287
20,Anne Frank,1,4,3,3,3,3,3,9,T,J,Journey/Transmission,4,14,11,0.56,SR,SR,SR,0,0,0,1,9,14,11,0,0,0,0,0,0,0,0,0,0,0,0,,9,5,1.555555555555556,SR,MR,SR,SR,SR,True,MR,False,SR,True,True,atlas,1,0.792019692682582,0.4,0.6428571428571429,0.8,0.95,0.7,0.1,0.6685714285714287
21,Antonio Gramsci,3,4,4,3,2,4,4,16,T,G,Growth/Global,4,16,12,1.0,PR,PR,PR,0,0,0,2,16,16,12,0,0,1,0,1,0,1,0,0,0,1,1,,16,0,1.0,PR,CR,PR,PR,PR,True,CR,False,PR,True,True,atlas,1,0.7426905453026857,0.6,1.0,0.6,0.95,0.1,0.4,0.53
22,Anwar Sadat,1,4,3,4,3,4,4,16,N,G,Growth/Global,4,15,11,1.0,MR,MR,MR,0,0,0,2,16,15,11,0,0,1,0,1,0,0,0,0,0,0,0,,16,-1,0.9375,MR,CR,MR,MR,MR,True,CR,False,MR,True,True,atlas,1,0.8145725807070178,0.4,1.0,0.8,0.95,0.7,0.1,0.7400000000000001
23,Archimedes,1,1,4,2,2,4,4,16,D,G,Growth/Global,3,10,6,1.0,PR,PR,PR,0,0,0,1,16,10,6,0,0,1,0,1,0,1,0,0,0,1,1,,16,-6,0.625,PR,CR,PR,PR,PR,True,CR,False,PR,True,True,atlas,1,0.7426905453026857,0.6,1.0,0.6,0.95,0.1,0.4,0.53
24,Arthur Koestler,2,4,4,4,3,3,4,12,T,G,Growth/Global,4,17,14,0.75,MR,MR,MR,0,0,0,2,12,17,14,0,0,1,0,1,0,0,0,0,0,0,0,,12,5,1.416666666666667,MR,MR,MR,MR,MR,True,MR,True,MR,True,True,atlas,1,0.7895729082528943,0.4,0.7058823529411765,0.7,0.95,0.7,0.1,0.6611764705882354
25,August Kekulé,1,1,4,2,4,4,4,16,D,J,Journey/Transmission,4,12,8,1.0,PR,PR,PR,0,0,0,1,16,12,8,0,0,1,0,1,0,1,0,0,0,1,1,,16,-4,0.75,PR,CR,PR,PR,PR,True,CR,False,PR,True,True,atlas,1,0.7426905453026857,0.6,1.0,0.6,0.95,0.1,0.4,0.53
26,Ayaan Hirsi Ali,1,3,4,4,2,4,4,16,T,G,Growth/Global,4,14,10,1.0,MR,MR,MR,0,0,0,1,16,14,10,0,0,1,0,1,0,0,0,0,0,0,0,,16,-2,0.875,MR,CR,MR,MR,MR,True,CR,False,MR,True,True,atlas,1,0.8145725807070178,0.4,1.0,0.8,0.95,0.7,0.1,0.7400000000000001
27,Barbara McClintock,1,2,4,2,3,4,4,16,D,G,Growth/Global,4,12,8,1.0,PR,PR,PR,0,0,0,1,16,12,8,0,0,1,0,1,0,1,0,0,0,1,1,,16,-4,0.75,PR,CR,PR,PR,PR,True,CR,False,PR,True,True,atlas,1,0.7426905453026857,0.6,1.0,0.6,0.95,0.1,0.4,0.53
28,Bayard Rustin,1,3,3,4,3,4,4,16,T,G,Growth/Global,4,14,10,1.0,MR,MR,MR,0,0,0,1,16,14,10,0,0,1,0,1,0,0,0,0,0,0,0,,16,-2,0.875,MR,CR,MR,MR,MR,True,CR,False,MR,True,True,atlas,1,0.8145725807070178,0.4,1.0,0.8,0.95,0.7,0.1,0.7400000000000001
29,Beethoven,4,2,4,3,4,4,4,16,S,L,Loss/Limitation,4,17,13,1.0,SR,SR,SR,0,0,0,1,16,17,13,0,0,1,0,1,0,1,0,0,0,0,0,,16,1,1.0625,SR,CR,SR,SR,SR,True,CR,False,SR,True,True,atlas,1,0.804784519651317,0.4,0.9411764705882353,0.7,0.95,0.7,0.1,0.708235294117647
30,Bernadette Soubirous,2,2,1,4,4,3,3,9,V,J,Journey/Transmission,4,13,10,0.56,SR,SR,SR,0,0,0,1,9,13,10,0,0,0,0,0,0,0,0,0,0,0,0,0.0,9,4,1.444444444444444,MR,SR,SR,SR,MR,False,SR,True,SR,True,False,atlas,1,0.7952591619892629,0.4,0.6923076923076923,0.8,0.95,0.7,0.1,0.6784615384615386
31,Beryl Markham,1,4,3,3,2,3,4,12,N,L,Loss/Limitation,3,13,10,0.75,SR,SR,SR,0,0,0,1,12,13,10,0,0,1,0,1,0,0,0,0,0,0,0,,12,1,1.083333333333333,SR,MR,SR,SR,SR,True,MR,False,SR,True,True,atlas,1,0.8098800203913294,0.4,0.9230769230769231,0.8,0.95,0.7,0.1,0.7246153846153847
32,Black Elk,2,2,2,3,4,3,3,9,V,J,Journey/Transmission,4,13,10,0.56,SR,SR,SR,0,0,0,1,9,13,10,0,0,0,0,0,0,0,0,0,0,0,0,0.0,9,4,1.444444444444444,MR,SR,SR,SR,MR,False,SR,True,SR,True,False,atlas,1,0.7952591619892629,0.4,0.6923076923076923,0.8,0.95,0.7,0.1,0.6784615384615386
33,Blaise Pascal,3,1,4,4,4,4,4,16,A,J,Journey/Transmission,4,16,12,1.0,MR,MR,MR,0,0,0,3,16,16,12,0,0,1,0,1,0,0,0,0,0,0,0,,16,0,1.0,MR,CR,MR,MR,MR,True,CR,False,MR,True,True,atlas,1,0.8145725807070178,0.4,1.0,0.8,0.95,0.7,0.1,0.7400000000000001
34,Booker T. Washington,1,3,3,4,3,4,4,16,T,G,Growth/Global,4,14,10,1.0,MR,MR,MR,0,0,0,1,16,14,10,0,0,1,0,1,0,0,0,0,0,0,0,,16,-2,0.875,MR,CR,MR,MR,MR,True,CR,False,MR,True,True,atlas,1,0.8145725807070178,0.4,1.0,0.8,0.95,0.7,0.1,0.7400000000000001
35,Buckminster Fuller,2,3,4,4,3,4,4,16,V,G,Growth/Global,4,16,12,1.0,PR,PR,PR,0,0,0,2,16,16,12,0,0,1,0,1,0,0,0,0,0,1,1,,16,0,1.0,PR,CR,PR,PR,PR,True,CR,False,PR,True,True,atlas,1,0.7426905453026857,0.6,1.0,0.6,0.95,0.1,0.4,0.53
36,Buddha,2,3,3,4,4,4,4,16,N,G,Growth/Global,4,16,12,1.0,CR,CR,CR,0,0,0,2,16,16,12,0,0,1,0,1,0,0,0,0,1,0,1,,16,0,1.0,CR,CR,CR,CR,CR,True,CR,True,CR,True,True,atlas,1,0.6456563062257954,0.6,1.0,0.3,0.95,-0.3,0.7,0.30000000000000004
37,Byron Katie,2,2,3,4,3,3,4,12,V,G,Growth/Global,4,14,11,0.75,CR,CR,CR,0,0,0,1,12,14,11,0,0,1,0,1,0,0,0,0,1,0,1,,12,2,1.166666666666667,CR,MR,CR,CR,CR,True,MR,False,CR,True,True,atlas,1,0.6508680818911454,0.6,0.8571428571428571,0.5,0.95,-0.3,0.7,0.3114285714285714
38,C.S. Lewis,1,1,4,4,3,4,4,16,N,B,Biological/Individual,4,13,9,1.0,MR,MR,MR,0,0,0,2,16,13,9,0,0,1,0,1,0,0,0,0,0,0,0,,16,-3,0.8125,MR,CR,MR,MR,MR,True,CR,False,MR,True,True,atlas,1,0.8145725807070178,0.4,1.0,0.8,0.95,0.7,0.1,0.7400000000000001
39,Cardinal Richelieu,2,3,3,3,3,4,3,12,N,B,Biological/Individual,3,14,10,0.75,MR,MR,MR,0,0,0,1,12,14,10,0,0,1,0,0,0,0,0,0,0,0,0,,12,2,1.166666666666667,MR,MR,MR,MR,MR,True,MR,True,MR,True,True,atlas,1,0.8057859355516407,0.4,0.8571428571428571,0.8,0.95,0.7,0.1,0.7114285714285714
40,Carl Jung,2,2,4,4,4,4,3,12,V,L,Loss/Limitation,4,16,12,0.75,SR,SR,SR,0,0,0,2,12,16,12,0,0,1,0,0,0,0,0,0,0,0,0,,12,4,1.333333333333333,SR,MR,SR,SR,SR,True,MR,False,SR,True,True,atlas,1,0.7989910002494707,0.4,0.75,0.8,0.95,0.7,0.1,0.6900000000000001
41,Carl Linnaeus,1,1,4,2,2,4,4,16,D,G,Growth/Global,4,10,6,1.0,PR,PR,PR,0,0,0,1,16,10,6,0,0,1,0,1,0,1,0,0,0,1,1,,16,-6,0.625,PR,CR,PR,PR,PR,True,CR,False,PR,True,True,atlas,1,0.7426905453026857,0.6,1.0,0.6,0.95,0.1,0.4,0.53
42,Catherine of Genoa,2,2,2,4,4,3,4,12,V,B,Biological/Individual,4,14,11,0.75,SR,SR,SR,0,0,0,2,12,14,11,0,0,1,0,1,0,0,0,0,0,0,0,,12,2,1.166666666666667,SR,MR,SR,SR,SR,True,MR,False,SR,True,True,atlas,1,0.8057859355516407,0.4,0.8571428571428571,0.8,0.95,0.7,0.1,0.7114285714285714
43,Catherine of Siena,3,2,2,4,4,3,3,9,V,J,Journey/Transmission,4,15,12,0.56,SR,SR,SR,0,0,0,2,9,15,12,0,0,0,0,0,0,0,0,0,0,0,0,0.0,9,6,1.666666666666667,SR,SR,SR,SR,SR,True,SR,True,SR,True,True,atlas,1,0.789181706522253,0.4,0.6,0.8,0.95,0.7,0.1,0.66
44,Charles Babbage,1,2,4,2,2,4,3,12,D,B,Biological/Individual,3,11,7,0.75,PR,PR,PR,0,0,0,1,12,11,7,0,0,1,0,0,0,1,0,0,0,1,1,,12,-1,0.9166666666666666,PR,MR,PR,PR,PR,True,MR,False,PR,True,True,atlas,1,0.7426905453026857,0.6,1.0,0.6,0.95,0.1,0.4,0.53
45,Charles Darwin,1,1,4,3,2,4,4,16,N,G,Growth/Global,4,11,7,1.0,PR,PR,PR,0,0,0,1,16,11,7,0,0,1,0,1,0,1,0,0,0,1,1,,16,-5,0.6875,PR,CR,PR,PR,PR,True,CR,False,PR,True,True,atlas,1,0.7426905453026857,0.6,1.0,0.6,0.95,0.1,0.4,0.53
46,Charles Manson,1,3,1,4,2,2,1,2,T,C,Chaos/Fragmentation,4,11,9,0.12,FR,FR,FR,1,1,0,3,2,11,9,1,0,0,1,0,1,0,1,1,0,0,0,,2,9,5.5,FR,FR,FR,FR,FR,True,FR,True,FR,True,True,atlas,0,0.5056815736258301,1.0,0.18181818181818182,0.5,0.6,-0.8,0.95,0.011363636363636409
47,Charles Steinmetz,4,2,4,3,2,4,4,16,S,L,Loss/Limitation,3,15,11,1.0,PR,PR,PR,0,0,0,1,16,15,11,0,0,1,0,1,0,1,0,0,0,1,1,,16,-1,0.9375,PR,CR,PR,PR,PR,True,CR,False,PR,True,True,atlas,1,0.7426905453026857,0.6,1.0,0.6,0.95,0.1,0.4,0.53
48,Chris McCandless,2,4,2,4,3,2,2,4,T,C,Chaos/Fragmentation,4,15,13,0.25,FR,FR,FR,1,1,0,2,4,15,13,1,0,0,1,0,1,0,1,1,0,0,0,,4,11,3.75,FR,FR,FR,FR,FR,True,FR,True,FR,True,True,atlas,0,0.494166931312752,1.0,0.26666666666666666,0.3,0.6,-0.8,0.95,-0.011666666666666659
49,Christy Brown,4,2,3,3,3,4,4,16,S,L,Loss/Limitation,4,15,11,1.0,SR,SR,SR,0,0,0,1,16,15,11,0,0,1,0,1,0,0,0,0,0,0,0,,16,-1,0.9375,SR,CR,SR,SR,SR,True,CR,False,SR,True,True,atlas,1,0.8145725807070178,0.4,1.0,0.8,0.95,0.7,0.1,0.7400000000000001
50,Coco Chanel,1,3,4,3,3,4,3,12,D,G,Growth/Global,4,14,10,0.75,PR,PR,PR,0,0,0,1,12,14,10,0,0,1,0,0,0,1,0,0,0,1,1,,12,2,1.166666666666667,PR,MR,PR,PR,PR,True,MR,False,PR,True,True,atlas,1,0.7316199560257679,0.6,0.8571428571428571,0.6,0.95,0.1,0.4,0.5014285714285714
51,Confucius,1,3,3,4,3,4,4,16,N,J,Journey/Transmission,4,14,10,1.0,MR,MR,MR,0,0,0,1,16,14,10,0,0,1,0,1,0,0,0,0,0,0,0,,16,-2,0.875,MR,CR,MR,MR,MR,True,CR,False,MR,True,True,atlas,1,0.8145725807070178,0.4,1.0,0.8,0.95,0.7,0.1,0.7400000000000001
52,Copernicus,1,2,4,2,3,4,4,16,D,G,Growth/Global,4,12,8,1.0,PR,PR,PR,0,0,0,1,16,12,8,0,0,1,0,1,0,1,0,0,0,1,1,,16,-4,0.75,PR,CR,PR,PR,PR,True,CR,False,PR,True,True,atlas,1,0.7426905453026857,0.6,1.0,0.6,0.95,0.1,0.4,0.53
53,Dag Hammarskjöld,1,4,3,4,4,4,4,16,N,G,Growth/Global,4,16,12,1.0,MR,MR,MR,0,0,0,1,16,16,12,0,0,1,0,1,0,0,0,0,0,0,0,,16,0,1.0,MR,CR,MR,MR,MR,True,CR,False,MR,True,True,atlas,1,0.8145725807070178,0.4,1.0,0.8,0.95,0.7,0.1,0.7400000000000001
54,Daniel Tammet,4,1,4,3,3,3,4,12,X,L,Loss/Limitation,4,15,12,0.75,SR,SR,SR,0,0,0,1,12,15,12,0,0,1,0,1,0,1,0,0,0,0,0,,12,3,1.25,SR,MR,SR,SR,SR,True,MR,False,SR,True,True,atlas,1,0.8021838885585818,0.4,0.8,0.8,0.95,0.7,0.1,0.7000000000000001
55,Dante,1,3,4,4,4,4,4,16,V,B,Biological/Individual,4,16,12,1.0,SR,SR,SR,0,0,0,3,16,16,12,0,0,1,0,1,0,0,0,0,0,0,0,,16,0,1.0,SR,CR,SR,SR,SR,True,CR,False,SR,True,True,atlas,1,0.8145725807070178,0.4,1.0,0.8,0.95,0.7,0.1,0.7400000000000001
56,David Ditchfield,4,1,1,4,4,3,3,9,X,J,Journey/Transmission,4,14,11,0.56,SR,SR,SR,0,0,0,1,9,14,11,0,0,0,0,0,0,0,0,0,0,0,0,,9,5,1.555555555555556,SR,CR,SR,SR,SR,True,CR,False,SR,True,True,atlas,1,0.792019692682582,0.4,0.6428571428571429,0.8,0.95,0.7,0.1,0.6685714285714287
57,David Koresh,1,2,2,4,2,2,1,2,V,C,Chaos/Fragmentation,4,11,9,0.12,FR,FR,FR,1,1,0,1,2,11,9,1,0,0,1,0,1,0,1,1,0,0,0,,2,9,5.5,FR,FR,FR,FR,FR,True,FR,True,FR,True,True,atlas,0,0.5056815736258301,1.0,0.18181818181818182,0.5,0.6,-0.8,0.95,0.011363636363636409
58,Derek Amato,4,1,2,3,4,3,3,9,X,L,Loss/Limitation,4,14,11,0.56,SR,SR,SR,0,0,0,1,9,14,11,0,0,0,0,0,0,0,0,0,0,0,0,,9,5,1.555555555555556,SR,SR,SR,SR,SR,True,SR,True,SR,True,True,atlas,1,0.792019692682582,0.4,0.6428571428571429,0.8,0.95,0.7,0.1,0.6685714285714287
59,Dietrich Bonhoeffer,1,4,4,4,3,4,4,16,T,J,Journey/Transmission,4,16,12,1.0,MR,MR,MR,0,0,0,2,16,16,12,0,0,1,0,1,0,0,0,0,0,0,0,,16,0,1.0,MR,CR,MR,MR,MR,True,CR,False,MR,True,True,atlas,1,0.8145725807070178,0.4,1.0,0.8,0.95,0.7,0.1,0.7400000000000001
60,Dmitri Mendeleev,1,1,4,2,3,4,4,16,D,G,Growth/Global,4,11,7,1.0,PR,PR,PR,0,0,0,1,16,11,7,0,0,1,0,1,0,1,0,0,0,1,1,,16,-5,0.6875,PR,CR,PR,PR,PR,True,CR,False,PR,True,True,atlas,1,0.7426905453026857,0.6,1.0,0.6,0.95,0.1,0.4,0.53
61,Dorothy Day,1,2,3,4,4,3,4,12,T,G,Growth/Global,4,14,11,0.75,MR,MR,MR,0,0,0,1,12,14,11,0,0,1,0,1,0,0,0,0,0,0,0,,12,2,1.166666666666667,MR,MR,MR,MR,MR,True,MR,True,MR,True,True,atlas,1,0.8057859355516407,0.4,0.8571428571428571,0.8,0.95,0.7,0.1,0.7114285714285714
62,Eben Alexander,4,1,1,4,4,3,4,12,X,J,Journey/Transmission,4,14,11,0.75,CR,CR,CR,0,0,0,1,12,14,11,0,0,1,0,1,0,0,0,0,1,0,1,,12,2,1.166666666666667,CR,MR,CR,CR,CR,True,MR,False,CR,True,True,atlas,1,0.6508680818911454,0.6,0.8571428571428571,0.5,0.95,-0.3,0.7,0.3114285714285714
63,Eckhart Tolle,2,2,3,4,4,3,4,12,N,J,Journey/Transmission,4,15,12,0.75,CR,CR,CR,0,0,0,1,12,15,12,0,0,1,0,1,0,0,0,0,1,0,1,,12,3,1.25,CR,MR,CR,CR,CR,True,MR,False,CR,True,True,atlas,1,0.6271477663131956,0.6,0.8,0.3,0.95,-0.3,0.7,0.26
64,Edgar Allan Poe,3,2,4,3,4,2,2,4,S,L,Loss/Limitation,3,16,14,0.25,SR,SR,SR,0,0,0,1,4,16,14,0,0,0,1,0,1,1,0,0,0,0,0,,4,12,4.0,SR,FR,SR,SR,SR,True,FR,False,SR,True,True,atlas,1,0.7649478037637647,0.4,0.25,0.8,0.95,0.7,0.1,0.59
65,Edith Stein,1,3,4,4,4,4,4,16,T,J,Journey/Transmission,4,16,12,1.0,MR,MR,MR,0,0,0,1,16,16,12,0,0,1,0,1,0,0,0,0,0,0,0,,16,0,1.0,MR,CR,MR,MR,MR,True,CR,False,MR,True,True,atlas,1,0.8145725807070178,0.4,1.0,0.8,0.95,0.7,0.1,0.7400000000000001
66,Elie Wiesel,3,4,3,4,3,3,4,12,T,J,Journey/Transmission,4,17,14,0.75,MR,MR,MR,0,0,0,1,12,17,14,0,0,1,0,1,0,0,0,0,0,0,0,,12,5,1.416666666666667,MR,MR,MR,MR,MR,True,MR,True,MR,True,True,atlas,1,0.7895729082528943,0.4,0.7058823529411765,0.7,0.95,0.7,0.1,0.6611764705882354
67,Elizabeth Cady Stanton,1,3,4,4,2,4,4,16,T,G,Growth/Global,4,14,10,1.0,MR,MR,MR,0,0,0,2,16,14,10,0,0,1,0,1,0,0,0,0,0,0,0,,16,-2,0.875,MR,CR,MR,MR,MR,True,CR,False,MR,True,True,atlas,1,0.8145725807070178,0.4,1.0,0.8,0.95,0.7,0.1,0.7400000000000001
68,Elon Musk,1,1,4,3,2,4,2,8,N,G,Growth/Global,3,11,7,0.5,PR,PR,PR,0,0,0,2,8,11,7,0,0,0,0,0,0,1,0,0,0,1,1,,8,3,1.375,PR,FR,PR,PR,PR,True,FR,False,PR,True,True,atlas,1,0.7212979667927076,0.6,0.7272727272727273,0.6,0.95,0.1,0.4,0.47545454545454546
69,Emanuel Swedenborg,2,1,4,4,4,3,3,9,V,J,Journey/Transmission,4,15,12,0.56,SR,SR,SR,0,0,0,1,9,15,12,0,0,0,0,0,0,0,0,0,0,0,0,0.0,9,6,1.666666666666667,SR,SR,SR,SR,SR,True,SR,True,SR,True,True,atlas,1,0.789181706522253,0.4,0.6,0.8,0.95,0.7,0.1,0.66
70,Emperor Constantine,1,2,2,3,4,3,3,9,V,J,Journey/Transmission,4,12,9,0.56,MR,MR,MR,0,0,0,1,9,12,9,0,0,0,0,0,0,0,0,0,0,0,0,4.0,9,3,1.333333333333333,MR,SR,MR,MR,MR,True,SR,False,MR,True,True,atlas,1,0.7989910002494707,0.4,0.75,0.8,0.95,0.7,0.1,0.6900000000000001
71,Ernest Shackleton,2,4,2,3,2,4,4,16,N,G,Growth/Global,3,13,9,1.0,MR,MR,MR,0,0,0,1,16,13,9,0,0,1,0,1,0,0,0,0,0,0,0,,16,-3,0.8125,MR,CR,MR,MR,MR,True,CR,False,MR,True,True,atlas,1,0.8145725807070178,0.4,1.0,0.8,0.95,0.7,0.1,0.7400000000000001
72,Erwin Schrödinger,1,1,4,2,3,4,4,16,D,G,Growth/Global,4,11,7,1.0,PR,PR,PR,0,0,0,1,16,11,7,0,0,1,0,1,0,1,0,0,0,1,1,,16,-5,0.6875,PR,CR,PR,PR,PR,True,CR,False,PR,True,True,atlas,1,0.7426905453026857,0.6,1.0,0.6,0.95,0.1,0.4,0.53
73,Eugenia Ginzburg,3,4,3,4,3,4,4,16,T,J,Journey/Transmission,4,17,13,1.0,MR,MR,MR,0,0,0,2,16,17,13,0,0,1,0,1,0,0,0,0,0,0,0,,16,1,1.0625,MR,CR,MR,MR,MR,True,CR,False,MR,True,True,atlas,1,0.804784519651317,0.4,0.9411764705882353,0.7,0.95,0.7,0.1,0.708235294117647
74,Evelyn Underhill,3,2,3,3,4,3,4,12,S,L,Loss/Limitation,3,15,12,0.75,SR,SR,SR,0,0,0,2,12,15,12,0,0,1,0,1,0,0,0,0,0,0,0,,12,3,1.25,SR,MR,SR,SR,SR,True,MR,False,SR,True,True,atlas,1,0.8021838885585818,0.4,0.8,0.8,0.95,0.7,0.1,0.7000000000000001
75,Ezekiel,1,2,2,3,4,3,3,9,V,J,Journey/Transmission,4,12,9,0.56,SR,SR,SR,0,0,0,1,9,12,9,0,0,0,0,0,0,0,0,0,0,0,0,0.0,9,3,1.333333333333333,MR,SR,SR,SR,MR,False,SR,True,SR,True,False,atlas,1,0.7989910002494707,0.4,0.75,0.8,0.95,0.7,0.1,0.6900000000000001
76,Flannery O'Connor,4,2,3,3,4,3,4,12,S,L,Loss/Limitation,4,16,13,0.75,SR,SR,SR,0,0,0,1,12,16,13,0,0,1,0,1,0,0,0,0,0,0,0,,12,4,1.333333333333333,SR,MR,SR,SR,SR,True,MR,False,SR,True,True,atlas,1,0.7989910002494707,0.4,0.75,0.8,0.95,0.7,0.1,0.6900000000000001
77,Florence Nightingale,2,3,3,4,3,4,4,16,T,G,Growth/Global,4,15,11,1.0,MR,MR,MR,0,0,0,1,16,15,11,0,0,1,0,1,0,0,0,0,0,0,0,,16,-1,0.9375,MR,CR,MR,MR,MR,True,CR,False,MR,True,True,atlas,1,0.8145725807070178,0.4,1.0,0.8,0.95,0.7,0.1,0.7400000000000001
78,Francis of Assisi,2,2,2,4,4,4,4,16,V,G,Growth/Global,4,14,10,1.0,MR,MR,MR,0,0,0,2,16,14,10,0,0,1,0,1,0,0,0,0,0,0,0,,16,-2,0.875,MR,CR,MR,MR,MR,True,CR,False,MR,True,True,atlas,1,0.8145725807070178,0.4,1.0,0.8,0.95,0.7,0.1,0.7400000000000001
79,Franco Magnani,4,1,2,3,3,2,3,6,S,L,Loss/Limitation,4,13,11,0.38,SR,SR,SR,1,0,0,1,6,13,11,0,0,0,1,0,0,0,0,0,0,0,0,,6,7,2.166666666666667,SR,SR,SR,SR,SR,True,SR,True,SR,True,True,atlas,1,0.7798195972646119,0.4,0.46153846153846156,0.8,0.95,0.7,0.1,0.6323076923076923
80,Franklin D. Roosevelt,4,2,2,3,2,4,4,16,S,B,Biological/Individual,4,13,9,1.0,MR,MR,MR,0,0,0,1,16,13,9,0,0,1,0,1,0,0,0,0,0,0,0,,16,-3,0.8125,MR,CR,MR,MR,MR,True,CR,False,MR,True,True,atlas,1,0.8145725807070178,0.4,1.0,0.8,0.95,0.7,0.1,0.7400000000000001
81,Frederick Douglass,2,3,4,4,2,4,4,16,T,G,Growth/Global,4,15,11,1.0,MR,MR,MR,0,0,0,2,16,15,11,0,0,1,0,1,0,0,0,0,0,0,0,,16,-1,0.9375,MR,CR,MR,MR,MR,True,CR,False,MR,True,True,atlas,1,0.8145725807070178,0.4,1.0,0.8,0.95,0.7,0.1,0.7400000000000001
82,Frida Kahlo,4,2,2,4,3,3,3,9,S,B,Biological/Individual,4,15,12,0.56,SR,SR,SR,0,0,0,1,9,15,12,0,0,0,0,0,0,0,0,0,0,0,0,,9,6,1.666666666666667,SR,SR,SR,SR,SR,True,SR,True,SR,True,True,atlas,1,0.789181706522253,0.4,0.6,0.8,0.95,0.7,0.1,0.66
83,Fridtjof Nansen,2,4,4,3,2,4,4,16,N,G,Growth/Global,3,15,11,1.0,PR,PR,PR,0,0,0,2,16,15,11,0,0,1,0,1,0,1,0,0,0,1,1,,16,-1,0.9375,PR,CR,PR,PR,PR,True,CR,False,PR,True,True,atlas,1,0.7426905453026857,0.6,1.0,0.6,0.95,0.1,0.4,0.53
84,Friedrich Nietzsche,4,2,4,4,3,2,1,2,S,C,Chaos/Fragmentation,3,17,15,0.12,FR,FR,FR,1,1,0,3,2,17,15,1,0,0,1,0,1,0,1,1,0,0,0,,2,15,8.5,FR,FR,FR,FR,FR,True,FR,True,FR,True,True,atlas,0,0.4792765846306517,1.0,0.11764705882352941,0.3,0.6,-0.8,0.95,-0.04147058823529409
85,Fyodor Dostoevsky,3,3,3,4,3,3,4,12,N,B,Biological/Individual,4,16,13,0.75,MR,MR,MR,0,0,0,3,12,16,13,0,0,1,0,1,0,0,0,0,0,0,0,,12,4,1.333333333333333,MR,MR,MR,MR,MR,True,MR,True,MR,True,True,atlas,1,0.7989910002494707,0.4,0.75,0.8,0.95,0.7,0.1,0.6900000000000001
86,Galileo Galilei,1,3,4,3,2,4,4,16,D,G,Growth/Global,4,13,9,1.0,PR,PR,PR,0,0,0,1,16,13,9,0,0,1,0,1,0,1,0,0,0,1,1,,16,-3,0.8125,PR,CR,PR,PR,PR,True,CR,False,PR,True,True,atlas,1,0.7426905453026857,0.6,1.0,0.6,0.95,0.1,0.4,0.53
87,Gemma Galgani,4,2,1,4,4,3,3,9,S,J,Journey/Transmission,4,15,12,0.56,SR,SR,SR,0,0,0,1,9,15,12,0,0,0,0,0,0,0,0,0,0,0,0,,9,6,1.666666666666667,SR,SR,SR,SR,SR,True,SR,True,SR,True,True,atlas,1,0.789181706522253,0.4,0.6,0.8,0.95,0.7,0.1,0.66
88,George Boole,1,1,4,2,2,4,4,16,D,G,Growth/Global,4,10,6,1.0,PR,PR,PR,0,0,0,1,16,10,6,0,0,1,0,1,0,1,0,0,0,1,1,,16,-6,0.625,PR,CR,PR,PR,PR,True,CR,False,PR,True,True,atlas,1,0.7426905453026857,0.6,1.0,0.6,0.95,0.1,0.4,0.53
89,George de Mestral,1,1,4,2,2,4,4,16,D,G,Growth/Global,3,10,6,1.0,PR,PR,PR,0,0,0,1,16,10,6,0,0,1,0,1,0,1,0,0,0,1,1,,16,-6,0.625,PR,CR,PR,PR,PR,True,CR,False,PR,True,True,atlas,1,0.7426905453026857,0.6,1.0,0.6,0.95,0.1,0.4,0.53
90,George Fox,1,2,2,4,4,3,4,12,V,J,Journey/Transmission,4,13,10,0.75,MR,MR,MR,0,0,0,1,12,13,10,0,0,1,0,1,0,0,0,0,0,0,0,,12,1,1.083333333333333,MR,MR,MR,MR,MR,True,MR,True,MR,True,True,atlas,1,0.8098800203913294,0.4,0.9230769230769231,0.8,0.95,0.7,0.1,0.7246153846153847
91,George Frideric Handel,4,2,2,3,4,3,4,12,S,L,Loss/Limitation,4,15,12,0.75,SR,SR,SR,0,0,0,1,12,15,12,0,0,1,0,1,0,0,0,0,0,0,0,,12,3,1.25,SR,MR,SR,SR,SR,True,MR,False,SR,True,True,atlas,1,0.8021838885585818,0.4,0.8,0.8,0.95,0.7,0.1,0.7000000000000001
92,George Gurdjieff,3,3,3,4,4,4,3,12,H,B,Biological/Individual,4,17,13,0.75,CR,CR,CR,0,0,0,3,12,17,13,0,0,1,0,0,0,0,0,0,1,0,1,,12,5,1.416666666666667,CR,MR,CR,CR,CR,True,MR,False,CR,True,True,atlas,1,0.6183033334163047,0.6,0.7058823529411765,0.3,0.95,-0.3,0.7,0.24117647058823535
93,George Orwell,3,3,4,4,2,3,4,12,T,G,Growth/Global,4,16,13,0.75,MR,MR,MR,0,0,0,3,12,16,13,0,0,1,0,1,0,0,0,0,0,0,0,,12,4,1.333333333333333,MR,MR,MR,MR,MR,True,MR,True,MR,True,True,atlas,1,0.7989910002494707,0.4,0.75,0.8,0.95,0.7,0.1,0.6900000000000001
94,George Washington,1,3,3,4,2,4,4,16,N,B,Biological/Individual,3,13,9,1.0,MR,MR,MR,0,0,0,1,16,13,9,0,0,1,0,1,0,0,0,0,0,0,0,,16,-3,0.8125,MR,CR,MR,MR,MR,True,CR,False,MR,True,True,atlas,1,0.8145725807070178,0.4,1.0,0.8,0.95,0.7,0.1,0.7400000000000001
95,George Washington Carver,1,3,4,4,3,4,4,16,N,G,Growth/Global,4,15,11,1.0,PR,PR,PR,0,0,0,2,16,15,11,0,0,1,0,1,0,0,0,0,0,1,1,,16,-1,0.9375,PR,CR,PR,PR,PR,True,CR,False,PR,True,True,atlas,1,0.7426905453026857,0.6,1.0,0.6,0.95,0.1,0.4,0.53
96,Geronimo,1,4,2,4,3,3,3,9,V,J,Journey/Transmission,4,14,11,0.56,MR,MR,MR,0,0,0,2,9,14,11,0,0,0,0,0,0,0,0,0,0,0,0,,9,5,1.555555555555556,MR,MR,MR,MR,MR,True,MR,True,MR,True,True,atlas,1,0.792019692682582,0.4,0.6428571428571429,0.8,0.95,0.7,0.1,0.6685714285714287
97,Grace Hopper,1,1,4,2,2,4,4,16,D,G,Growth/Global,4,10,6,1.0,PR,PR,PR,0,0,0,1,16,10,6,0,0,1,0,1,0,1,0,0,0,1,1,,16,-6,0.625,PR,CR,PR,PR,PR,True,CR,False,PR,True,True,atlas,1,0.7426905453026857,0.6,1.0,0.6,0.95,0.1,0.4,0.53
98,Gregor Mendel,1,2,4,2,2,4,4,16,D,G,Growth/Global,4,11,7,1.0,PR,PR,PR,0,0,0,1,16,11,7,0,0,1,0,1,0,1,0,0,0,1,1,,16,-5,0.6875,PR,CR,PR,PR,PR,True,CR,False,PR,True,True,atlas,1,0.7426905453026857,0.6,1.0,0.6,0.95,0.1,0.4,0.53
99,Harriet Martineau,4,2,4,3,2,4,4,16,S,L,Loss/Limitation,3,15,11,1.0,PR,PR,PR,0,0,0,1,16,15,11,0,0,1,0,1,0,1,0,0,0,1,1,,16,-1,0.9375,PR,CR,PR,PR,PR,True,CR,False,PR,True,True,atlas,1,0.7426905453026857,0.6,1.0,0.6,0.95,0.1,0.4,0.53
100,Harriet Tubman,4,3,2,4,3,4,4,16,N,B,Biological/Individual,4,16,12,1.0,MR,MR,MR,0,0,0,2,16,16,12,0,0,1,0,1,0,0,0,0,0,0,0,,16,0,1.0,MR,CR,MR,MR,MR,True,CR,False,MR,True,True,atlas,1,0.8145725807070178,0.4,1.0,0.8,0.95,0.7,0.1,0.7400000000000001
101,Haruki Murakami,1,1,4,3,3,4,4,16,D,G,Growth/Global,4,12,8,1.0,SR,SR,SR,0,0,0,1,16,12,8,0,0,1,0,1,0,1,0,0,0,0,0,,16,-4,0.75,SR,CR,SR,SR,SR,True,CR,False,SR,True,True,atlas,1,0.8145725807070178,0.4,1.0,0.8,0.95,0.7,0.1,0.7400000000000001
102,Helen Keller,4,2,3,4,3,4,4,16,S,L,Loss/Limitation,4,16,12,1.0,MR,MR,MR,0,0,0,2,16,16,12,0,0,1,0,1,0,0,0,0,0,0,0,,16,0,1.0,MR,CR,MR,MR,MR,True,CR,False,MR,True,True,atlas,1,0.8145725807070178,0.4,1.0,0.8,0.95,0.7,0.1,0.7400000000000001
103,Helen Thayer,2,4,2,3,2,3,4,12,N,L,Loss/Limitation,3,13,10,0.75,MR,MR,MR,0,0,0,1,12,13,10,0,0,1,0,1,0,0,0,0,0,0,0,,12,1,1.083333333333333,MR,MR,MR,MR,MR,True,MR,True,MR,True,True,atlas,1,0.8098800203913294,0.4,0.9230769230769231,0.8,0.95,0.7,0.1,0.7246153846153847
104,Henri Becquerel,1,1,4,2,2,4,4,16,D,G,Growth/Global,4,10,6,1.0,PR,PR,PR,0,0,0,1,16,10,6,0,0,1,0,1,0,1,0,0,0,1,1,,16,-6,0.625,PR,CR,PR,PR,PR,True,CR,False,PR,True,True,atlas,1,0.7426905453026857,0.6,1.0,0.6,0.95,0.1,0.4,0.53
105,Henri Matisse,4,2,2,3,3,3,4,12,S,L,Loss/Limitation,4,14,11,0.75,SR,SR,SR,0,0,0,1,12,14,11,0,0,1,0,1,0,0,0,0,0,0,0,,12,2,1.166666666666667,SR,MR,SR,SR,SR,True,MR,False,SR,True,True,atlas,1,0.8057859355516407,0.4,0.8571428571428571,0.8,0.95,0.7,0.1,0.7114285714285714
106,Henry David Thoreau,1,3,4,3,4,4,4,16,N,G,Growth/Global,3,15,11,1.0,CR,CR,CR,0,0,0,2,16,15,11,0,0,1,0,1,0,1,0,0,1,0,1,,16,-1,0.9375,CR,CR,CR,CR,CR,True,CR,True,CR,True,True,atlas,1,0.6456563062257954,0.6,1.0,0.3,0.95,-0.3,0.7,0.30000000000000004
107,Hildegard of Bingen,3,2,3,3,4,3,4,12,V,L,Loss/Limitation,4,15,12,0.75,SR,SR,SR,0,0,0,1,12,15,12,0,0,1,0,1,0,0,0,0,0,0,0,,12,3,1.25,SR,MR,SR,SR,SR,True,MR,False,SR,True,True,atlas,1,0.8021838885585818,0.4,0.8,0.8,0.95,0.7,0.1,0.7000000000000001
108,Ibn Khaldun,2,4,4,3,2,4,4,16,N,G,Growth/Global,4,15,11,1.0,PR,PR,PR,0,0,0,3,16,15,11,0,0,1,0,1,0,1,0,0,0,1,1,,16,-1,0.9375,PR,CR,PR,PR,PR,True,CR,False,PR,True,True,atlas,1,0.7426905453026857,0.6,1.0,0.6,0.95,0.1,0.4,0.53
109,Ignatius of Loyola,3,3,2,4,4,4,4,16,T,G,Growth/Global,4,16,12,1.0,MR,MR,MR,0,0,0,3,16,16,12,0,0,1,0,1,0,0,0,0,0,0,0,,16,0,1.0,MR,CR,MR,MR,MR,True,CR,False,MR,True,True,atlas,1,0.8145725807070178,0.4,1.0,0.8,0.95,0.7,0.1,0.7400000000000001
110,Inanna,1,3,2,4,4,3,3,9,V,J,Journey/Transmission,4,14,11,0.56,SR,SR,SR,0,0,0,1,9,14,11,0,0,0,0,0,0,0,0,0,0,0,0,0.0,9,5,1.555555555555556,SR,SR,SR,SR,SR,True,SR,True,SR,True,True,atlas,1,0.792019692682582,0.4,0.6428571428571429,0.8,0.95,0.7,0.1,0.6685714285714287
111,Isaac Newton,1,2,4,2,3,4,4,16,D,B,Biological/Individual,3,12,8,1.0,PR,PR,PR,0,0,0,1,16,12,8,0,0,1,0,1,0,1,0,0,0,1,1,,16,-4,0.75,PR,CR,PR,PR,PR,True,CR,False,PR,True,True,atlas,1,0.7426905453026857,0.6,1.0,0.6,0.95,0.1,0.4,0.53
112,J.R.R. Tolkien,2,2,4,3,4,4,4,16,D,G,Growth/Global,4,15,11,1.0,SR,SR,SR,0,0,0,1,16,15,11,0,0,1,0,1,0,1,0,0,0,0,0,,16,-1,0.9375,SR,CR,SR,SR,SR,True,CR,False,SR,True,True,atlas,1,0.8145725807070178,0.4,1.0,0.8,0.95,0.7,0.1,0.7400000000000001
113,Jacob Boehme,2,2,3,4,4,3,3,9,V,B,Biological/Individual,4,15,12,0.56,SR,SR,SR,0,0,0,2,9,15,12,0,0,0,0,0,0,0,0,0,0,0,0,0.0,9,6,1.666666666666667,SR,SR,SR,SR,SR,True,SR,True,SR,True,True,atlas,1,0.789181706522253,0.4,0.6,0.8,0.95,0.7,0.1,0.66
114,James Baldwin,1,2,4,4,2,4,4,16,T,G,Growth/Global,4,13,9,1.0,MR,MR,MR,0,0,0,2,16,13,9,0,0,1,0,1,0,0,0,0,0,0,0,,16,-3,0.8125,MR,CR,MR,MR,MR,True,CR,False,MR,True,True,atlas,1,0.8145725807070178,0.4,1.0,0.8,0.95,0.7,0.1,0.7400000000000001
115,James Joyce,2,2,4,3,3,4,4,16,D,G,Growth/Global,4,14,10,1.0,SR,SR,SR,0,0,0,1,16,14,10,0,0,1,0,1,0,1,0,0,0,0,0,,16,-2,0.875,SR,CR,SR,SR,SR,True,CR,False,SR,True,True,atlas,1,0.8145725807070178,0.4,1.0,0.8,0.95,0.7,0.1,0.7400000000000001
116,James Lovelock,1,1,4,2,3,4,4,16,D,G,Growth/Global,4,11,7,1.0,PR,PR,PR,0,0,0,1,16,11,7,0,0,1,0,1,0,1,0,0,0,1,1,,16,-5,0.6875,PR,CR,PR,PR,PR,True,CR,False,PR,True,True,atlas,1,0.7426905453026857,0.6,1.0,0.6,0.95,0.1,0.4,0.53
117,Jane Goodall,1,3,3,4,3,4,4,16,N,G,Growth/Global,4,14,10,1.0,MR,MR,MR,0,0,0,1,16,14,10,0,0,1,0,1,0,0,0,0,0,0,0,,16,-2,0.875,MR,CR,MR,MR,MR,True,CR,False,MR,True,True,atlas,1,0.8145725807070178,0.4,1.0,0.8,0.95,0.7,0.1,0.7400000000000001
118,Jason Padgett,4,1,4,3,3,3,4,12,X,L,Loss/Limitation,4,15,12,0.75,SR,SR,SR,0,0,0,1,12,15,12,0,0,1,0,1,0,1,0,0,0,0,0,,12,3,1.25,SR,MR,SR,SR,SR,True,MR,False,SR,True,True,atlas,1,0.8021838885585818,0.4,0.8,0.8,0.95,0.7,0.1,0.7000000000000001
119,Jawaharlal Nehru,1,4,3,4,2,4,4,16,T,G,Growth/Global,4,14,10,1.0,MR,MR,MR,0,0,0,2,16,14,10,0,0,1,0,1,0,0,0,0,0,0,0,,16,-2,0.875,MR,CR,MR,MR,MR,True,CR,False,MR,True,True,atlas,1,0.8145725807070178,0.4,1.0,0.8,0.95,0.7,0.1,0.7400000000000001
120,Jean Dominique Bauby,4,2,3,3,3,3,4,12,S,L,Loss/Limitation,4,15,12,0.75,SR,SR,SR,0,0,0,1,12,15,12,0,0,1,0,1,0,0,0,0,0,0,0,,12,3,1.25,SR,MR,SR,SR,SR,True,MR,False,SR,True,True,atlas,1,0.8021838885585818,0.4,0.8,0.8,0.95,0.7,0.1,0.7000000000000001
121,Jean Joseph Surin,2,3,2,4,4,2,3,6,V,L,Loss/Limitation,3,15,13,0.38,SR,SR,SR,0,0,0,1,6,15,13,0,0,0,1,0,0,0,0,0,0,0,0,0.0,6,9,2.5,SR,SR,SR,SR,SR,True,SR,True,SR,True,True,atlas,1,0.7755640142690734,0.4,0.4,0.8,0.95,0.7,0.1,0.62
122,Jean Paul Sartre,1,3,4,4,2,4,4,16,T,G,Growth/Global,4,14,10,1.0,MR,MR,MR,0,0,0,2,16,14,10,0,0,1,0,1,0,0,0,0,0,0,0,,16,-2,0.875,MR,CR,MR,MR,MR,True,CR,False,MR,True,True,atlas,1,0.8145725807070178,0.4,1.0,0.8,0.95,0.7,0.1,0.7400000000000001
123,Jill Bolte Taylor,4,1,2,3,3,3,3,9,X,J,Journey/Transmission,4,13,10,0.56,CR,CR,CR,0,0,0,1,9,13,10,0,0,0,0,0,0,0,0,0,1,0,1,,9,4,1.444444444444444,CR,MR,CR,CR,CR,True,MR,False,CR,True,True,atlas,1,0.6357403011786119,0.6,0.6923076923076923,0.5,0.95,-0.3,0.7,0.27846153846153854
124,Joan Didion,1,2,4,4,3,3,4,12,T,L,Loss/Limitation,4,14,11,0.75,SR,SR,SR,0,0,0,1,12,14,11,0,0,1,0,1,0,0,0,0,0,0,0,,12,2,1.166666666666667,SR,MR,SR,SR,SR,True,MR,False,SR,True,True,atlas,1,0.8057859355516407,0.4,0.8571428571428571,0.8,0.95,0.7,0.1,0.7114285714285714
125,Joan of Arc,2,2,2,4,4,3,3,9,A,J,Journey/Transmission,4,14,11,0.56,MR,MR,MR,0,0,0,2,9,14,11,0,0,0,0,0,0,0,0,0,0,0,0,,9,5,1.555555555555556,MR,MR,MR,MR,MR,True,MR,True,MR,True,True,atlas,1,0.792019692682582,0.4,0.6428571428571429,0.8,0.95,0.7,0.1,0.6685714285714287
126,Johannes Kepler,1,2,4,2,3,4,4,16,D,G,Growth/Global,4,12,8,1.0,PR,PR,PR,0,0,0,1,16,12,8,0,0,1,0,1,0,1,0,0,0,1,1,,16,-4,0.75,PR,CR,PR,PR,PR,True,CR,False,PR,True,True,atlas,1,0.7426905453026857,0.6,1.0,0.6,0.95,0.1,0.4,0.53
127,John Bunyan,1,4,3,4,4,3,4,12,V,J,Journey/Transmission,4,16,13,0.75,SR,SR,SR,0,0,0,2,12,16,13,0,0,1,0,1,0,0,0,0,0,0,0,,12,4,1.333333333333333,SR,MR,SR,SR,SR,True,MR,False,SR,True,True,atlas,1,0.7989910002494707,0.4,0.75,0.8,0.95,0.7,0.1,0.6900000000000001
128,John Lennon,1,2,3,4,4,3,3,9,H,G,Growth/Global,4,14,11,0.56,SR,SR,SR,0,0,0,2,9,14,11,0,0,0,0,0,0,0,0,0,0,0,0,,9,5,1.555555555555556,SR,CR,SR,SR,SR,True,CR,False,SR,True,True,atlas,1,0.792019692682582,0.4,0.6428571428571429,0.8,0.95,0.7,0.1,0.6685714285714287
129,John Maynard Keynes,1,3,4,2,2,4,4,16,D,G,Growth/Global,4,12,8,1.0,PR,PR,PR,0,0,0,2,16,12,8,0,0,1,0,1,0,1,0,0,0,1,1,,16,-4,0.75,PR,CR,PR,PR,PR,True,CR,False,PR,True,True,atlas,1,0.7426905453026857,0.6,1.0,0.6,0.95,0.1,0.4,0.53
130,John Milton,4,2,4,3,4,4,4,16,S,L,Loss/Limitation,4,17,13,1.0,SR,SR,SR,0,0,0,1,16,17,13,0,0,1,0,1,0,1,0,0,0,0,0,,16,1,1.0625,SR,CR,SR,SR,SR,True,CR,False,SR,True,True,atlas,1,0.804784519651317,0.4,0.9411764705882353,0.7,0.95,0.7,0.1,0.708235294117647
131,John Nash,3,2,4,4,3,3,2,6,H,C,Chaos/Fragmentation,4,16,13,0.38,FR,FR,PR,0,1,0,2,6,16,13,1,0,0,1,0,0,0,1,0,0,0,0,,6,10,2.666666666666667,FR,FR,FR,FR,FR,True,FR,True,FR,True,True,atlas,0,0.4353637081969708,0.3,0.375,0.3,0.6,-0.8,0.95,-0.13
132,John Newton,2,3,2,4,4,3,4,12,T,G,Growth/Global,4,15,12,0.75,MR,MR,MR,0,0,0,1,12,15,12,0,0,1,0,1,0,0,0,0,0,0,0,,12,3,1.25,MR,MR,MR,MR,MR,True,MR,True,MR,True,True,atlas,1,0.8021838885585818,0.4,0.8,0.8,0.95,0.7,0.1,0.7000000000000001
133,John of Patmos,1,3,2,3,4,3,3,9,V,J,Journey/Transmission,4,13,10,0.56,SR,SR,SR,0,0,0,1,9,13,10,0,0,0,0,0,0,0,0,0,0,0,0,0.0,9,4,1.444444444444444,SR,SR,SR,SR,SR,True,SR,True,SR,True,True,atlas,1,0.7952591619892629,0.4,0.6923076923076923,0.8,0.95,0.7,0.1,0.6784615384615386
134,Joseph Smith,1,2,2,4,4,3,3,9,V,J,Journey/Transmission,4,13,10,0.56,MR,MR,MR,0,0,0,1,9,13,10,0,0,0,0,0,0,0,0,0,0,0,0,3.0,9,4,1.444444444444444,MR,SR,MR,MR,MR,True,SR,False,MR,True,True,atlas,1,0.7952591619892629,0.4,0.6923076923076923,0.8,0.95,0.7,0.1,0.6784615384615386
135,Julian of Norwich,3,2,2,4,4,3,4,12,V,B,Biological/Individual,4,15,12,0.75,SR,SR,SR,0,0,0,1,12,15,12,0,0,1,0,1,0,0,0,0,0,0,0,,12,3,1.25,SR,MR,SR,SR,SR,True,MR,False,SR,True,True,atlas,1,0.8021838885585818,0.4,0.8,0.8,0.95,0.7,0.1,0.7000000000000001
136,Katherine Johnson,1,2,4,2,2,4,4,16,D,G,Growth/Global,3,11,7,1.0,PR,PR,PR,0,0,0,1,16,11,7,0,0,1,0,1,0,1,0,0,0,1,1,,16,-5,0.6875,PR,CR,PR,PR,PR,True,CR,False,PR,True,True,atlas,1,0.7426905453026857,0.6,1.0,0.6,0.95,0.1,0.4,0.53
137,Katherine Mansfield,4,2,3,3,3,3,4,12,S,L,Loss/Limitation,4,15,12,0.75,SR,SR,SR,0,0,0,1,12,15,12,0,0,1,0,1,0,0,0,0,0,0,0,,12,3,1.25,SR,MR,SR,SR,SR,True,MR,False,SR,True,True,atlas,1,0.8021838885585818,0.4,0.8,0.8,0.95,0.7,0.1,0.7000000000000001
138,Katsushika Hokusai,2,2,3,3,4,4,4,16,N,L,Loss/Limitation,4,14,10,1.0,SR,SR,SR,0,0,0,1,16,14,10,0,0,1,0,1,0,0,0,0,0,0,0,,16,-2,0.875,SR,CR,SR,SR,SR,True,CR,False,SR,True,True,atlas,1,0.8145725807070178,0.4,1.0,0.8,0.95,0.7,0.1,0.7400000000000001
139,King Ashoka,1,2,2,4,3,3,4,12,N,B,Biological/Individual,4,12,9,0.75,MR,MR,MR,0,0,0,2,12,12,9,0,0,1,0,1,0,0,0,0,0,0,0,,12,0,1.0,MR,MR,MR,MR,MR,True,MR,True,MR,True,True,atlas,1,0.8145725807070178,0.4,1.0,0.8,0.95,0.7,0.1,0.7400000000000001
140,Kurt Gödel,1,1,4,2,3,4,4,16,D,G,Growth/Global,4,11,7,1.0,PR,PR,PR,0,0,0,1,16,11,7,0,0,1,0,1,0,1,0,0,0,1,1,,16,-5,0.6875,PR,CR,PR,PR,PR,True,CR,False,PR,True,True,atlas,1,0.7426905453026857,0.6,1.0,0.6,0.95,0.1,0.4,0.53
141,Kurt Vonnegut,2,4,3,4,3,3,4,12,T,G,Growth/Global,4,16,13,0.75,MR,MR,MR,0,0,0,2,12,16,13,0,0,1,0,1,0,0,0,0,0,0,0,,12,4,1.333333333333333,MR,MR,MR,MR,MR,True,MR,True,MR,True,True,atlas,1,0.7989910002494707,0.4,0.75,0.8,0.95,0.7,0.1,0.6900000000000001
142,Lao Tzu,1,3,3,3,4,4,4,16,N,G,Growth/Global,4,14,10,1.0,CR,CR,CR,0,0,0,2,16,14,10,0,0,1,0,1,0,0,0,0,1,0,1,,16,-2,0.875,CR,CR,CR,CR,CR,True,CR,True,CR,True,True,atlas,1,0.6637386974043528,0.6,1.0,0.5,0.95,-0.3,0.7,0.3400000000000001
143,Leo Tolstoy,1,1,4,4,3,4,4,16,N,B,Biological/Individual,4,13,9,1.0,MR,MR,MR,0,0,0,1,16,13,9,0,0,1,0,1,0,0,0,0,0,0,0,,16,-3,0.8125,MR,CR,MR,MR,MR,True,CR,False,MR,True,True,atlas,1,0.8145725807070178,0.4,1.0,0.8,0.95,0.7,0.1,0.7400000000000001
144,Leonardo da Vinci,1,2,4,2,3,4,4,16,D,G,Growth/Global,4,12,8,1.0,PR,PR,PR,0,0,0,1,16,12,8,0,0,1,0,1,0,1,0,0,0,1,1,,16,-4,0.75,PR,CR,PR,PR,PR,True,CR,False,PR,True,True,atlas,1,0.7426905453026857,0.6,1.0,0.6,0.95,0.1,0.4,0.53
145,Leonhard Euler,4,1,4,2,2,4,4,16,S,L,Loss/Limitation,4,13,9,1.0,PR,PR,PR,0,0,0,2,16,13,9,0,0,1,0,1,0,1,0,0,0,1,1,,16,-3,0.8125,PR,CR,PR,PR,PR,True,CR,False,PR,True,True,atlas,1,0.7426905453026857,0.6,1.0,0.6,0.95,0.1,0.4,0.53
146,Linus Pauling,2,1,4,2,3,4,4,16,D,G,Growth/Global,3,12,8,1.0,PR,PR,PR,0,0,0,2,16,12,8,0,0,1,0,1,0,1,0,0,0,1,1,,16,-4,0.75,PR,CR,PR,PR,PR,True,CR,False,PR,True,True,atlas,1,0.7426905453026857,0.6,1.0,0.6,0.95,0.1,0.4,0.53
147,Louis Braille,4,2,3,3,2,4,4,16,S,L,Loss/Limitation,4,14,10,1.0,PR,PR,PR,0,0,0,1,16,14,10,0,0,1,0,1,0,0,0,0,0,1,1,,16,-2,0.875,PR,CR,PR,PR,PR,True,CR,False,PR,True,True,atlas,1,0.7426905453026857,0.6,1.0,0.6,0.95,0.1,0.4,0.53
148,Louis Pasteur,3,1,4,2,2,4,4,16,D,G,Growth/Global,4,12,8,1.0,PR,PR,PR,0,0,0,2,16,12,8,0,0,1,0,1,0,1,0,0,0,1,1,,16,-4,0.75,PR,CR,PR,PR,PR,True,CR,False,PR,True,True,atlas,1,0.7426905453026857,0.6,1.0,0.6,0.95,0.1,0.4,0.53
149,Ludwig Wittgenstein,1,2,4,3,3,4,4,16,D,G,Growth/Global,4,13,9,1.0,PR,PR,PR,0,0,0,2,16,13,9,0,0,1,0,1,0,1,0,0,0,1,1,,16,-3,0.8125,PR,CR,PR,PR,PR,True,CR,False,PR,True,True,atlas,1,0.7426905453026857,0.6,1.0,0.6,0.95,0.1,0.4,0.53
150,Lydwine of Schiedam,4,2,1,4,4,2,3,6,S,J,Journey/Transmission,4,15,13,0.38,SR,SR,SR,0,0,0,1,6,15,13,0,0,0,1,0,0,0,0,0,0,0,0,,6,9,2.5,SR,SR,SR,SR,SR,True,SR,True,SR,True,True,atlas,1,0.7755640142690734,0.4,0.4,0.8,0.95,0.7,0.1,0.62
151,Mahatma Gandhi,2,3,3,4,3,4,4,16,N,G,Growth/Global,4,15,11,1.0,MR,MR,MR,0,0,0,1,16,15,11,0,0,1,0,1,0,0,0,0,0,0,0,,16,-1,0.9375,MR,CR,MR,MR,MR,True,CR,False,MR,True,True,atlas,1,0.8145725807070178,0.4,1.0,0.8,0.95,0.7,0.1,0.7400000000000001
152,Malala Yousafzai,4,2,2,4,3,4,4,16,N,J,Journey/Transmission,4,15,11,1.0,MR,MR,MR,0,0,0,2,16,15,11,0,0,1,0,1,0,0,0,0,0,0,0,,16,-1,0.9375,MR,CR,MR,MR,MR,True,CR,False,MR,True,True,atlas,1,0.8145725807070178,0.4,1.0,0.8,0.95,0.7,0.1,0.7400000000000001
153,Malcolm X,2,4,3,4,3,4,4,16,T,B,Biological/Individual,4,16,12,1.0,MR,MR,MR,0,0,0,2,16,16,12,0,0,1,0,1,0,0,0,0,0,0,0,,16,0,1.0,MR,CR,MR,MR,MR,True,CR,False,MR,True,True,atlas,1,0.8145725807070178,0.4,1.0,0.8,0.95,0.7,0.1,0.7400000000000001
154,Malidoma Somé,2,2,2,4,4,3,4,12,H,B,Biological/Individual,4,14,11,0.75,MR,MR,MR,0,0,0,2,12,14,11,0,0,1,0,1,0,0,0,0,0,0,0,,12,2,1.166666666666667,MR,MR,MR,MR,MR,True,MR,True,MR,True,True,atlas,1,0.8057859355516407,0.4,0.8571428571428571,0.8,0.95,0.7,0.1,0.7114285714285714
155,Marco Polo,1,4,3,3,2,3,4,12,N,J,Journey/Transmission,3,13,10,0.75,MR,MR,MR,0,0,0,1,12,13,10,0,0,1,0,1,0,0,0,0,0,0,0,,12,1,1.083333333333333,MR,MR,MR,MR,MR,True,MR,True,MR,True,True,atlas,1,0.8098800203913294,0.4,0.9230769230769231,0.8,0.95,0.7,0.1,0.7246153846153847
156,Marcus Aurelius,2,3,4,4,3,4,4,16,N,G,Growth/Global,4,16,12,1.0,MR,MR,MR,0,0,0,1,16,16,12,0,0,1,0,1,0,0,0,0,0,0,0,,16,0,1.0,MR,CR,MR,MR,MR,True,CR,False,MR,True,True,atlas,1,0.8145725807070178,0.4,1.0,0.8,0.95,0.7,0.1,0.7400000000000001
157,Marie Curie,2,2,4,3,2,4,4,16,D,G,Growth/Global,4,13,9,1.0,PR,PR,PR,0,0,0,2,16,13,9,0,0,1,0,1,0,1,0,0,0,1,1,,16,-3,0.8125,PR,CR,PR,PR,PR,True,CR,False,PR,True,True,atlas,1,0.7426905453026857,0.6,1.0,0.6,0.95,0.1,0.4,0.53
158,Martha Graham,2,1,4,3,4,4,4,16,D,G,Growth/Global,4,14,10,1.0,SR,SR,SR,0,0,0,1,16,14,10,0,0,1,0,1,0,1,0,0,0,0,0,,16,-2,0.875,SR,CR,SR,SR,SR,True,CR,False,SR,True,True,atlas,1,0.8145725807070178,0.4,1.0,0.8,0.95,0.7,0.1,0.7400000000000001
159,Martin Luther,2,3,4,4,3,4,4,16,T,G,Growth/Global,4,16,12,1.0,MR,MR,MR,0,0,0,1,16,16,12,0,0,1,0,1,0,0,0,0,0,0,0,,16,0,1.0,MR,CR,MR,MR,MR,True,CR,False,MR,True,True,atlas,1,0.8145725807070178,0.4,1.0,0.8,0.95,0.7,0.1,0.7400000000000001
160,Martin Luther King Jr.,2,2,3,4,3,4,4,16,A,J,Journey/Transmission,4,14,10,1.0,MR,MR,MR,0,0,0,1,16,14,10,0,0,1,0,1,0,0,0,0,0,0,0,,16,-2,0.875,MR,CR,MR,MR,MR,True,CR,False,MR,True,True,atlas,1,0.8145725807070178,0.4,1.0,0.8,0.95,0.7,0.1,0.7400000000000001
161,Mary Baker Eddy,4,2,3,4,4,3,3,9,V,J,Journey/Transmission,4,17,14,0.56,MR,MR,MR,0,0,0,2,9,17,14,0,0,0,0,0,0,0,0,0,0,0,0,3.0,9,8,1.888888888888889,MR,SR,MR,MR,MR,True,SR,False,MR,True,True,atlas,1,0.7776051907174875,0.4,0.5294117647058824,0.7,0.95,0.7,0.1,0.6258823529411764
162,Mary Magdalene,1,2,2,4,4,3,3,9,V,B,Biological/Individual,4,13,10,0.56,SR,SR,SR,0,0,0,2,9,13,10,0,0,0,0,0,0,0,0,0,0,0,0,0.0,9,4,1.444444444444444,SR,SR,SR,SR,SR,True,SR,True,SR,True,True,atlas,1,0.7952591619892629,0.4,0.6923076923076923,0.8,0.95,0.7,0.1,0.6784615384615386
163,Mary McLeod Bethune,1,3,3,4,3,4,4,16,T,G,Growth/Global,4,14,10,1.0,MR,MR,MR,0,0,0,1,16,14,10,0,0,1,0,1,0,0,0,0,0,0,0,,16,-2,0.875,MR,CR,MR,MR,MR,True,CR,False,MR,True,True,atlas,1,0.8145725807070178,0.4,1.0,0.8,0.95,0.7,0.1,0.7400000000000001
164,Mary Shelley,1,2,4,3,4,4,4,16,D,J,Journey/Transmission,4,14,10,1.0,PR,PR,PR,0,0,0,2,16,14,10,0,0,1,0,1,0,1,0,0,0,1,1,,16,-2,0.875,PR,CR,PR,PR,PR,True,CR,False,PR,True,True,atlas,1,0.7426905453026857,0.6,1.0,0.6,0.95,0.1,0.4,0.53
165,Max Planck,1,1,4,2,3,4,4,16,D,G,Growth/Global,4,11,7,1.0,PR,PR,PR,0,0,0,1,16,11,7,0,0,1,0,1,0,1,0,0,0,1,1,,16,-5,0.6875,PR,CR,PR,PR,PR,True,CR,False,PR,True,True,atlas,1,0.7426905453026857,0.6,1.0,0.6,0.95,0.1,0.4,0.53
166,Maximilien Robespierre,1,3,3,4,3,2,2,4,A,C,Chaos/Fragmentation,4,14,12,0.25,FR,FR,FR,1,1,0,2,4,14,12,1,0,0,1,0,1,0,1,1,0,0,0,,4,10,3.5,FR,FR,FR,FR,FR,True,FR,True,FR,True,True,atlas,0,0.5160658960546076,1.0,0.2857142857142857,0.5,0.6,-0.8,0.95,0.032142857142857195
167,Mechthild of Magdeburg,2,3,2,4,4,3,3,9,V,J,Journey/Transmission,4,15,12,0.56,SR,SR,SR,0,0,0,2,9,15,12,0,0,0,0,0,0,0,0,0,0,0,0,0.0,9,6,1.666666666666667,SR,SR,SR,SR,SR,True,SR,True,SR,True,True,atlas,1,0.789181706522253,0.4,0.6,0.8,0.95,0.7,0.1,0.66
168,Meister Eckhart,1,2,4,4,4,4,4,16,N,G,Growth/Global,4,15,11,1.0,CR,CR,CR,0,0,0,2,16,15,11,0,0,1,0,1,0,0,0,0,1,0,1,,16,-1,0.9375,CR,CR,CR,CR,CR,True,CR,True,CR,True,True,atlas,1,0.6456563062257954,0.6,1.0,0.3,0.95,-0.3,0.7,0.30000000000000004
169,Michael Faraday,1,1,4,2,3,4,4,16,D,G,Growth/Global,4,11,7,1.0,PR,PR,PR,0,0,0,1,16,11,7,0,0,1,0,1,0,1,0,0,0,1,1,,16,-5,0.6875,PR,CR,PR,PR,PR,True,CR,False,PR,True,True,atlas,1,0.7426905453026857,0.6,1.0,0.6,0.95,0.1,0.4,0.53
170,Miguel de Molinos,1,4,2,4,4,3,3,9,V,L,Loss/Limitation,4,15,12,0.56,SR,SR,SR,0,0,0,1,9,15,12,0,0,0,0,0,0,0,0,0,0,0,0,0.0,9,6,1.666666666666667,SR,SR,SR,SR,SR,True,SR,True,SR,True,True,atlas,1,0.789181706522253,0.4,0.6,0.8,0.95,0.7,0.1,0.66
171,Moses,1,3,2,4,4,4,4,16,A,J,Journey/Transmission,4,14,10,1.0,MR,MR,MR,0,0,0,2,16,14,10,0,0,1,0,1,0,0,0,0,0,0,0,,16,-2,0.875,MR,CR,MR,MR,MR,True,CR,False,MR,True,True,atlas,1,0.8145725807070178,0.4,1.0,0.8,0.95,0.7,0.1,0.7400000000000001
172,Mother Teresa,2,3,2,4,4,3,4,12,V,G,Growth/Global,4,15,12,0.75,MR,MR,MR,0,0,0,1,12,15,12,0,0,1,0,1,0,0,0,0,0,0,0,,12,3,1.25,MR,MR,MR,MR,MR,True,MR,True,MR,True,True,atlas,1,0.8021838885585818,0.4,0.8,0.8,0.95,0.7,0.1,0.7000000000000001
173,Mozart,1,1,4,2,4,4,4,16,D,B,Biological/Individual,4,12,8,1.0,PR,PR,PR,0,0,0,1,16,12,8,0,0,1,0,1,0,1,0,0,0,1,1,,16,-4,0.75,PR,CR,PR,PR,PR,True,CR,False,PR,True,True,atlas,1,0.7426905453026857,0.6,1.0,0.6,0.95,0.1,0.4,0.53
174,Muhammad,1,2,2,4,4,4,4,16,A,J,Journey/Transmission,4,13,9,1.0,MR,MR,MR,0,0,0,1,16,13,9,0,0,1,0,1,0,0,0,0,0,0,0,,16,-3,0.8125,MR,CR,MR,MR,MR,True,CR,False,MR,True,True,atlas,1,0.8145725807070178,0.4,1.0,0.8,0.95,0.7,0.1,0.7400000000000001
175,Muhammad Ali,2,3,2,4,3,4,4,16,T,G,Growth/Global,4,14,10,1.0,MR,MR,MR,0,0,0,1,16,14,10,0,0,1,0,1,0,0,0,0,0,0,0,,16,-2,0.875,MR,CR,MR,MR,MR,True,CR,False,MR,True,True,atlas,1,0.8145725807070178,0.4,1.0,0.8,0.95,0.7,0.1,0.7400000000000001
176,Nat Turner,1,4,2,4,3,2,1,2,V,C,Chaos/Fragmentation,4,14,12,0.12,FR,FR,FR,1,1,0,2,2,14,12,1,0,0,1,0,1,0,1,1,0,0,0,,2,12,7.0,FR,FR,FR,FR,FR,True,FR,True,FR,True,True,atlas,0,0.5017857066934304,1.0,0.14285714285714285,0.5,0.6,-0.8,0.95,0.0035714285714286143
177,Naval Ravikant,1,1,4,3,3,3,4,12,N,G,Growth/Global,3,12,9,0.75,PR,PR,PR,0,0,0,2,12,12,9,0,0,1,0,1,0,1,0,0,0,1,1,,12,0,1.0,PR,MR,PR,PR,PR,True,MR,False,PR,True,True,atlas,1,0.7426905453026857,0.6,1.0,0.6,0.95,0.1,0.4,0.53
178,NDE Survivors,4,1,1,4,4,3,3,9,X,J,Journey/Transmission,4,14,11,0.56,CR,CR,CR,0,0,0,2,9,14,11,0,0,0,0,0,0,0,0,0,1,0,1,,9,5,1.555555555555556,CR,CR,CR,CR,CR,True,CR,True,CR,True,True,atlas,1,0.6311475235374322,0.6,0.6428571428571429,0.5,0.95,-0.3,0.7,0.26857142857142857
179,Nelson Mandela,2,4,3,4,2,4,4,16,N,G,Growth/Global,4,15,11,1.0,MR,MR,MR,0,0,0,2,16,15,11,0,0,1,0,1,0,0,0,0,0,0,0,,16,-1,0.9375,MR,CR,MR,MR,MR,True,CR,False,MR,True,True,atlas,1,0.8145725807070178,0.4,1.0,0.8,0.95,0.7,0.1,0.7400000000000001
180,Niccolò Machiavelli,2,4,4,3,2,4,4,16,T,G,Growth/Global,4,15,11,1.0,PR,PR,PR,0,0,0,2,16,15,11,0,0,1,0,1,0,1,0,0,0,1,1,,16,-1,0.9375,PR,CR,PR,PR,PR,True,CR,False,PR,True,True,atlas,1,0.7426905453026857,0.6,1.0,0.6,0.95,0.1,0.4,0.53
181,Niels Bohr,1,1,4,2,3,4,4,16,N,G,Growth/Global,3,11,7,1.0,PR,PR,PR,0,0,0,1,16,11,7,0,0,1,0,1,0,1,0,0,0,1,1,,16,-5,0.6875,PR,CR,PR,PR,PR,True,CR,False,PR,True,True,atlas,1,0.7426905453026857,0.6,1.0,0.6,0.95,0.1,0.4,0.53
182,Nikola Tesla,2,1,4,3,4,4,3,12,V,L,Loss/Limitation,4,14,10,0.75,PR,PR,PR,0,0,0,2,12,14,10,0,0,1,0,0,0,1,0,0,0,1,1,,12,2,1.166666666666667,PR,MR,PR,PR,PR,True,MR,False,PR,True,True,atlas,1,0.7316199560257679,0.6,0.8571428571428571,0.6,0.95,0.1,0.4,0.5014285714285714
183,Noam Chomsky,1,1,4,2,2,4,4,16,D,G,Growth/Global,4,10,6,1.0,PR,PR,PR,0,0,0,1,16,10,6,0,0,1,0,1,0,1,0,0,0,1,1,,16,-6,0.625,PR,CR,PR,PR,PR,True,CR,False,PR,True,True,atlas,1,0.7426905453026857,0.6,1.0,0.6,0.95,0.1,0.4,0.53
184,Norbert Wiener,1,2,4,2,2,4,4,16,D,G,Growth/Global,4,11,7,1.0,PR,PR,PR,0,0,0,1,16,11,7,0,0,1,0,1,0,1,0,0,0,1,1,,16,-5,0.6875,PR,CR,PR,PR,PR,True,CR,False,PR,True,True,atlas,1,0.7426905453026857,0.6,1.0,0.6,0.95,0.1,0.4,0.53
185,Oprah Winfrey,2,2,3,4,3,4,4,16,N,G,Growth/Global,4,14,10,1.0,MR,MR,MR,0,0,0,2,16,14,10,0,0,1,0,1,0,0,0,0,0,0,0,,16,-2,0.875,MR,CR,MR,MR,MR,True,CR,False,MR,True,True,atlas,1,0.8145725807070178,0.4,1.0,0.8,0.95,0.7,0.1,0.7400000000000001
186,Oscar Wilde,2,4,4,4,3,3,4,12,T,L,Loss/Limitation,4,17,14,0.75,SR,SR,SR,0,0,0,2,12,17,14,0,0,1,0,1,0,0,0,0,0,0,0,,12,5,1.416666666666667,SR,MR,SR,SR,SR,True,MR,False,SR,True,True,atlas,1,0.7895729082528943,0.4,0.7058823529411765,0.7,0.95,0.7,0.1,0.6611764705882354
187,Pablo Picasso,1,2,4,3,4,4,4,16,D,G,Growth/Global,4,14,10,1.0,SR,SR,SR,0,0,0,1,16,14,10,0,0,1,0,1,0,1,0,0,0,0,0,,16,-2,0.875,SR,CR,SR,SR,SR,True,CR,False,SR,True,True,atlas,1,0.8145725807070178,0.4,1.0,0.8,0.95,0.7,0.1,0.7400000000000001
188,Padre Pio,4,2,1,4,4,3,3,9,S,J,Journey/Transmission,4,15,12,0.56,SR,SR,SR,0,0,0,1,9,15,12,0,0,0,0,0,0,0,0,0,0,0,0,,9,6,1.666666666666667,SR,SR,SR,SR,SR,True,SR,True,SR,True,True,atlas,1,0.789181706522253,0.4,0.6,0.8,0.95,0.7,0.1,0.66
189,Paramahansa Yogananda,1,2,2,4,4,4,4,16,N,G,Growth/Global,4,13,9,1.0,CR,CR,CR,0,0,0,1,16,13,9,0,0,1,0,1,0,0,0,0,1,0,1,,16,-3,0.8125,CR,CR,CR,CR,CR,True,CR,True,CR,True,True,atlas,1,0.6637386974043528,0.6,1.0,0.5,0.95,-0.3,0.7,0.3400000000000001
190,Philip K. Dick,2,2,4,4,4,3,2,6,V,L,Loss/Limitation,4,16,13,0.38,SR,SR,SR,0,0,0,3,6,16,13,0,0,0,1,0,0,0,0,0,0,0,0,0.0,6,10,2.666666666666667,SR,FR,SR,SR,SR,True,FR,False,SR,True,True,atlas,1,0.7738185742694538,0.4,0.375,0.8,0.95,0.7,0.1,0.6150000000000001
191,Phineas Gage,4,1,2,4,1,1,1,1,S,C,Chaos/Fragmentation,4,12,11,0.06,FR,FR,FR,1,1,0,1,1,12,11,1,0,0,1,0,1,0,1,1,0,0,0,,1,11,12.0,FR,FR,FR,FR,FR,True,FR,True,FR,True,True,atlas,0,0.49583342978127143,1.0,0.08333333333333333,0.5,0.6,-0.8,0.95,-0.00833333333333336
192,Plato,1,2,4,4,4,4,4,16,T,G,Growth/Global,4,15,11,1.0,MR,MR,MR,0,0,0,2,16,15,11,0,0,1,0,1,0,0,0,0,0,0,0,,16,-1,0.9375,MR,CR,MR,MR,MR,True,CR,False,MR,True,True,atlas,1,0.8145725807070178,0.4,1.0,0.8,0.95,0.7,0.1,0.7400000000000001
193,Primo Levi,3,4,4,4,2,3,4,12,T,J,Journey/Transmission,4,17,14,0.75,MR,MR,MR,0,0,0,3,12,17,14,0,0,1,0,1,0,0,0,0,0,0,0,,12,5,1.416666666666667,MR,MR,MR,MR,MR,True,MR,True,MR,True,True,atlas,1,0.7895729082528943,0.4,0.7058823529411765,0.7,0.95,0.7,0.1,0.6611764705882354
194,Pythagoras,1,3,4,3,4,4,4,16,N,G,Growth/Global,4,15,11,1.0,MR,MR,MR,0,0,0,2,16,15,11,0,0,1,0,1,0,1,0,0,0,0,0,,16,-1,0.9375,MR,CR,MR,MR,MR,True,CR,False,MR,True,True,atlas,1,0.8145725807070178,0.4,1.0,0.8,0.95,0.7,0.1,0.7400000000000001
195,Rachel Carson,2,2,4,3,2,4,4,16,D,G,Growth/Global,4,13,9,1.0,PR,PR,PR,0,0,0,2,16,13,9,0,0,1,0,1,0,1,0,0,0,1,1,,16,-3,0.8125,PR,CR,PR,PR,PR,True,CR,False,PR,True,True,atlas,1,0.7426905453026857,0.6,1.0,0.6,0.95,0.1,0.4,0.53
196,Ram Dass,1,2,3,4,4,3,4,12,H,G,Growth/Global,4,14,11,0.75,CR,CR,CR,0,0,0,1,12,14,11,0,0,1,0,1,0,0,0,0,1,0,1,,12,2,1.166666666666667,CR,MR,CR,CR,CR,True,MR,False,CR,True,True,atlas,1,0.6508680818911454,0.6,0.8571428571428571,0.5,0.95,-0.3,0.7,0.3114285714285714
197,Ramakrishna,4,1,2,4,4,3,4,12,V,J,Journey/Transmission,4,15,12,0.75,CR,CR,CR,0,0,0,2,12,15,12,0,0,1,0,1,0,0,0,0,1,0,1,,12,3,1.25,CR,MR,CR,CR,CR,True,MR,False,CR,True,True,atlas,1,0.6271477663131956,0.6,0.8,0.3,0.95,-0.3,0.7,0.26
198,Ramanujan,1,1,4,2,4,4,4,16,D,B,Biological/Individual,4,12,8,1.0,PR,PR,PR,0,0,0,1,16,12,8,0,0,1,0,1,0,1,0,0,0,1,1,,16,-4,0.75,PR,CR,PR,PR,PR,True,CR,False,PR,True,True,atlas,1,0.7426905453026857,0.6,1.0,0.6,0.95,0.1,0.4,0.53
199,René Descartes,1,1,4,3,3,4,4,16,D,B,Biological/Individual,4,12,8,1.0,PR,PR,PR,0,0,0,1,16,12,8,0,0,1,0,1,0,1,0,0,0,1,1,,16,-4,0.75,PR,CR,PR,PR,PR,True,CR,False,PR,True,True,atlas,1,0.7426905453026857,0.6,1.0,0.6,0.95,0.1,0.4,0.53
200,Richard Byrd,2,4,2,3,3,3,4,12,N,L,Loss/Limitation,3,14,11,0.75,MR,MR,MR,0,0,0,1,12,14,11,0,0,1,0,1,0,0,0,0,0,0,0,,12,2,1.166666666666667,MR,MR,MR,MR,MR,True,MR,True,MR,True,True,atlas,1,0.8057859355516407,0.4,0.8571428571428571,0.8,0.95,0.7,0.1,0.7114285714285714
201,Richard Lovelace,1,4,3,3,4,3,3,9,V,L,Loss/Limitation,3,15,12,0.56,SR,SR,SR,0,0,0,1,9,15,12,0,0,0,0,0,0,0,0,0,0,0,0,0.0,9,6,1.666666666666667,SR,SR,SR,SR,SR,True,SR,True,SR,True,True,atlas,1,0.789181706522253,0.4,0.6,0.8,0.95,0.7,0.1,0.66
202,Robert Schumann,4,2,3,4,4,2,2,4,S,C,Chaos/Fragmentation,3,17,15,0.25,SR,SR,SR,0,0,1,1,4,17,15,0,1,0,1,0,1,0,0,0,0,0,0,,4,13,4.25,SR,FR,SR,SR,SR,True,FR,False,SR,True,True,atlas,1,0.7491563080954149,0.4,0.23529411764705882,0.7,0.85,0.7,0.1,0.5470588235294118
203,Robert Stroud,1,4,3,3,2,3,4,12,N,L,Loss/Limitation,3,13,10,0.75,PR,PR,PR,0,0,0,1,12,13,10,0,0,1,0,1,0,0,0,0,0,1,1,,12,1,1.083333333333333,PR,MR,PR,PR,PR,True,MR,False,PR,True,True,atlas,1,0.7367667372282013,0.6,0.9230769230769231,0.6,0.95,0.1,0.4,0.5146153846153846
204,Rosa Parks,1,2,2,4,3,4,4,16,A,J,Journey/Transmission,4,12,8,1.0,MR,MR,MR,0,0,0,1,16,12,8,0,0,1,0,1,0,0,0,0,0,0,0,,16,-4,0.75,MR,CR,MR,MR,MR,True,CR,False,MR,True,True,atlas,1,0.8145725807070178,0.4,1.0,0.8,0.95,0.7,0.1,0.7400000000000001
205,Rosalind Franklin,1,2,4,2,2,4,4,16,D,G,Growth/Global,4,11,7,1.0,PR,PR,PR,0,0,0,1,16,11,7,0,0,1,0,1,0,1,0,0,0,1,1,,16,-5,0.6875,PR,CR,PR,PR,PR,True,CR,False,PR,True,True,atlas,1,0.7426905453026857,0.6,1.0,0.6,0.95,0.1,0.4,0.53
206,Rumi,1,2,2,4,4,4,4,16,H,B,Biological/Individual,4,13,9,1.0,CR,CR,CR,0,0,0,2,16,13,9,0,0,1,0,1,0,0,0,0,1,0,1,,16,-3,0.8125,CR,CR,CR,CR,CR,True,CR,True,CR,True,True,atlas,1,0.6637386974043528,0.6,1.0,0.5,0.95,-0.3,0.7,0.3400000000000001
207,Sarah Bernhardt,4,2,2,3,3,3,4,12,S,L,Loss/Limitation,4,14,11,0.75,SR,SR,SR,0,0,0,1,12,14,11,0,0,1,0,1,0,0,0,0,0,0,0,,12,2,1.166666666666667,SR,MR,SR,SR,SR,True,MR,False,SR,True,True,atlas,1,0.8057859355516407,0.4,0.8571428571428571,0.8,0.95,0.7,0.1,0.7114285714285714
208,Shams Tabrizi,1,2,2,4,4,4,4,16,H,J,Journey/Transmission,4,13,9,1.0,CR,CR,CR,0,0,0,2,16,13,9,0,0,1,0,1,0,0,0,0,1,0,1,,16,-3,0.8125,CR,CR,CR,CR,CR,True,CR,True,CR,True,True,atlas,1,0.6637386974043528,0.6,1.0,0.5,0.95,-0.3,0.7,0.3400000000000001
209,Sheikh Ahmed Bamba,1,4,2,4,4,3,4,12,V,J,Journey/Transmission,4,15,12,0.75,MR,MR,MR,0,0,0,1,12,15,12,0,0,1,0,1,0,0,0,0,0,0,0,,12,3,1.25,MR,MR,MR,MR,MR,True,MR,True,MR,True,True,atlas,1,0.8021838885585818,0.4,0.8,0.8,0.95,0.7,0.1,0.7000000000000001
210,Shoko Asahara,3,2,2,4,2,1,1,1,V,C,Chaos/Fragmentation,4,13,12,0.06,FR,FR,FR,1,1,0,2,1,13,12,1,0,0,1,0,1,0,1,1,0,0,0,,1,12,13.0,FR,FR,FR,FR,FR,True,FR,True,FR,True,True,atlas,0,0.4951924558528881,1.0,0.07692307692307693,0.5,0.6,-0.8,0.95,-0.009615384615384637
211,Simone de Beauvoir,1,2,4,4,2,4,4,16,T,G,Growth/Global,4,13,9,1.0,MR,MR,MR,0,0,0,2,16,13,9,0,0,1,0,1,0,0,0,0,0,0,0,,16,-3,0.8125,MR,CR,MR,MR,MR,True,CR,False,MR,True,True,atlas,1,0.8145725807070178,0.4,1.0,0.8,0.95,0.7,0.1,0.7400000000000001
212,Simone Weil,2,2,4,4,4,4,4,16,N,G,Growth/Global,4,16,12,1.0,MR,MR,MR,0,0,0,2,16,16,12,0,0,1,0,1,0,0,0,0,0,0,0,,16,0,1.0,MR,CR,MR,MR,MR,True,CR,False,MR,True,True,atlas,1,0.8145725807070178,0.4,1.0,0.8,0.95,0.7,0.1,0.7400000000000001
213,Sitting Bull,1,3,2,4,4,3,4,12,V,J,Journey/Transmission,4,14,11,0.75,MR,MR,MR,0,0,0,1,12,14,11,0,0,1,0,1,0,0,0,0,0,0,0,,12,2,1.166666666666667,MR,MR,MR,MR,MR,True,MR,True,MR,True,True,atlas,1,0.8057859355516407,0.4,0.8571428571428571,0.8,0.95,0.7,0.1,0.7114285714285714
214,Socrates,1,2,4,4,3,4,4,16,A,L,Loss/Limitation,4,14,10,1.0,MR,MR,MR,0,0,0,3,16,14,10,0,0,1,0,1,0,0,0,0,0,0,0,,16,-2,0.875,MR,CR,MR,MR,MR,True,CR,False,MR,True,True,atlas,1,0.8145725807070178,0.4,1.0,0.8,0.95,0.7,0.1,0.7400000000000001
215,Sojourner Truth,2,3,3,4,3,4,4,16,A,B,Biological/Individual,4,15,11,1.0,MR,MR,MR,0,0,0,1,16,15,11,0,0,1,0,1,0,0,0,0,0,0,0,,16,-1,0.9375,MR,CR,MR,MR,MR,True,CR,False,MR,True,True,atlas,1,0.8145725807070178,0.4,1.0,0.8,0.95,0.7,0.1,0.7400000000000001
216,St. Anthony,1,4,2,4,4,3,4,12,V,J,Journey/Transmission,4,15,12,0.75,CR,CR,CR,0,0,0,1,12,15,12,0,0,1,0,1,0,0,0,0,1,0,1,,12,3,1.25,CR,MR,CR,CR,CR,True,MR,False,CR,True,True,atlas,1,0.6271477663131956,0.6,0.8,0.3,0.95,-0.3,0.7,0.26
217,St. Augustine,1,2,3,4,3,3,4,12,T,B,Biological/Individual,4,13,10,0.75,MR,MR,MR,0,0,0,2,12,13,10,0,0,1,0,1,0,0,0,0,0,0,0,,12,1,1.083333333333333,MR,MR,MR,MR,MR,True,MR,True,MR,True,True,atlas,1,0.8098800203913294,0.4,0.9230769230769231,0.8,0.95,0.7,0.1,0.7246153846153847
218,St. John of the Cross,3,4,2,4,4,3,4,12,V,L,Loss/Limitation,4,17,14,0.75,SR,SR,SR,0,0,0,3,12,17,14,0,0,1,0,1,0,0,0,0,0,0,0,,12,5,1.416666666666667,SR,MR,SR,SR,SR,True,MR,False,SR,True,True,atlas,1,0.7895729082528943,0.4,0.7058823529411765,0.7,0.95,0.7,0.1,0.6611764705882354
219,St. Paul,4,2,2,4,3,3,3,9,A,J,Journey/Transmission,4,15,12,0.56,MR,MR,MR,0,0,0,3,9,15,12,0,0,0,0,0,0,0,0,0,0,0,0,,9,6,1.666666666666667,MR,MR,MR,MR,MR,True,MR,True,MR,True,True,atlas,1,0.789181706522253,0.4,0.6,0.8,0.95,0.7,0.1,0.66
220,Steve Jobs,2,2,4,4,3,4,3,12,N,B,Biological/Individual,4,15,11,0.75,PR,PR,PR,0,0,0,2,12,15,11,0,0,1,0,0,0,0,0,0,0,1,1,,12,3,1.25,PR,MR,PR,PR,PR,True,MR,False,PR,True,True,atlas,1,0.7271082163411295,0.6,0.8,0.6,0.95,0.1,0.4,0.4900000000000001
221,Sun Tzu,1,2,4,3,2,4,4,16,N,G,Growth/Global,3,12,8,1.0,PR,PR,PR,0,0,0,1,16,12,8,0,0,1,0,1,0,1,0,0,0,1,1,,16,-4,0.75,PR,CR,PR,PR,PR,True,CR,False,PR,True,True,atlas,1,0.7426905453026857,0.6,1.0,0.6,0.95,0.1,0.4,0.53
222,Susan B. Anthony,1,2,3,4,2,4,4,16,T,G,Growth/Global,4,12,8,1.0,MR,MR,MR,0,0,0,1,16,12,8,0,0,1,0,1,0,0,0,0,0,0,0,,16,-4,0.75,MR,CR,MR,MR,MR,True,CR,False,MR,True,True,atlas,1,0.8145725807070178,0.4,1.0,0.8,0.95,0.7,0.1,0.7400000000000001
223,T.S. Eliot,2,2,4,4,3,3,4,12,T,L,Loss/Limitation,4,15,12,0.75,SR,SR,SR,0,0,0,2,12,15,12,0,0,1,0,1,0,0,0,0,0,0,0,,12,3,1.25,SR,MR,SR,SR,SR,True,MR,False,SR,True,True,atlas,1,0.8021838885585818,0.4,0.8,0.8,0.95,0.7,0.1,0.7000000000000001
224,Tecumseh,1,4,2,4,3,3,3,9,V,J,Journey/Transmission,4,14,11,0.56,MR,MR,MR,0,0,0,1,9,14,11,0,0,0,0,0,0,0,0,0,0,0,0,,9,5,1.555555555555556,MR,MR,MR,MR,MR,True,MR,True,MR,True,True,atlas,1,0.792019692682582,0.4,0.6428571428571429,0.8,0.95,0.7,0.1,0.6685714285714287
225,Temple Grandin,4,2,3,3,2,4,4,16,S,L,Loss/Limitation,4,14,10,1.0,PR,PR,PR,0,0,0,1,16,14,10,0,0,1,0,1,0,0,0,0,0,1,1,,16,-2,0.875,PR,CR,PR,PR,PR,True,CR,False,PR,True,True,atlas,1,0.7426905453026857,0.6,1.0,0.6,0.95,0.1,0.4,0.53
226,Teresa of Ávila,2,2,2,4,4,3,4,12,S,L,Loss/Limitation,4,14,11,0.75,SR,SR,SR,0,0,0,3,12,14,11,0,0,1,0,1,0,0,0,0,0,0,0,,12,2,1.166666666666667,SR,MR,SR,SR,SR,True,MR,False,SR,True,True,atlas,1,0.8057859355516407,0.4,0.8571428571428571,0.8,0.95,0.7,0.1,0.7114285714285714
227,The Beatles,1,2,4,3,4,4,4,16,D,G,Growth/Global,4,14,10,1.0,SR,SR,SR,0,0,0,1,16,14,10,0,0,1,0,1,0,1,0,0,0,0,0,,16,-2,0.875,SR,CR,SR,SR,SR,True,CR,False,SR,True,True,atlas,1,0.8145725807070178,0.4,1.0,0.8,0.95,0.7,0.1,0.7400000000000001
228,Thea Bowman,4,2,2,4,4,3,4,12,S,J,Journey/Transmission,4,16,13,0.75,MR,MR,MR,0,0,0,1,12,16,13,0,0,1,0,1,0,0,0,0,0,0,0,,12,4,1.333333333333333,MR,MR,MR,MR,MR,True,MR,True,MR,True,True,atlas,1,0.7989910002494707,0.4,0.75,0.8,0.95,0.7,0.1,0.6900000000000001
229,Therese Neumann,4,2,1,4,4,2,3,6,S,J,Journey/Transmission,4,15,13,0.38,SR,SR,SR,0,0,0,1,6,15,13,0,0,0,1,0,0,0,0,0,0,0,0,,6,9,2.5,SR,SR,SR,SR,SR,True,SR,True,SR,True,True,atlas,1,0.7755640142690734,0.4,0.4,0.8,0.95,0.7,0.1,0.62
230,Thomas Edison,3,1,4,2,2,4,4,16,D,G,Growth/Global,4,12,8,1.0,PR,PR,PR,0,0,0,2,16,12,8,0,0,1,0,1,0,1,0,0,0,1,1,,16,-4,0.75,PR,CR,PR,PR,PR,True,CR,False,PR,True,True,atlas,1,0.7426905453026857,0.6,1.0,0.6,0.95,0.1,0.4,0.53
231,Thomas Kuhn,1,1,4,2,2,4,4,16,D,G,Growth/Global,4,10,6,1.0,PR,PR,PR,0,0,0,1,16,10,6,0,0,1,0,1,0,1,0,0,0,1,1,,16,-6,0.625,PR,CR,PR,PR,PR,True,CR,False,PR,True,True,atlas,1,0.7426905453026857,0.6,1.0,0.6,0.95,0.1,0.4,0.53
232,Thomas Merton,1,3,3,4,3,4,4,16,N,G,Growth/Global,3,14,10,1.0,CR,CR,CR,0,0,0,2,16,14,10,0,0,1,0,1,0,0,0,0,1,0,1,,16,-2,0.875,CR,CR,CR,CR,CR,True,CR,True,CR,True,True,atlas,1,0.6637386974043528,0.6,1.0,0.5,0.95,-0.3,0.7,0.3400000000000001
233,Viktor Frankl,2,4,3,4,2,4,4,16,N,G,Growth/Global,4,15,11,1.0,MR,MR,MR,0,0,0,2,16,15,11,0,0,1,0,1,0,0,0,0,0,0,0,,16,-1,0.9375,MR,CR,MR,MR,MR,True,CR,False,MR,True,True,atlas,1,0.8145725807070178,0.4,1.0,0.8,0.95,0.7,0.1,0.7400000000000001
234,Viktor Schauberger,1,2,4,2,3,3,3,9,V,B,Biological/Individual,3,12,9,0.56,PR,PR,PR,0,0,0,1,9,12,9,0,0,0,0,0,0,1,0,0,0,1,1,,9,3,1.333333333333333,PR,PR,PR,PR,PR,True,PR,True,PR,True,True,atlas,1,0.7231218051243898,0.6,0.75,0.6,0.95,0.1,0.4,0.4800000000000001
235,Václav Havel,2,4,3,4,3,4,4,16,T,G,Growth/Global,4,16,12,1.0,MR,MR,MR,0,0,0,2,16,16,12,0,0,1,0,1,0,0,0,0,0,0,0,,16,0,1.0,MR,CR,MR,MR,MR,True,CR,False,MR,True,True,atlas,1,0.8145725807070178,0.4,1.0,0.8,0.95,0.7,0.1,0.7400000000000001
236,W.E.B. Du Bois,1,2,4,4,2,4,4,16,T,G,Growth/Global,4,13,9,1.0,MR,MR,MR,0,0,0,1,16,13,9,0,0,1,0,1,0,0,0,0,0,0,0,,16,-3,0.8125,MR,CR,MR,MR,MR,True,CR,False,MR,True,True,atlas,1,0.8145725807070178,0.4,1.0,0.8,0.95,0.7,0.1,0.7400000000000001
237,Walt Whitman,2,2,3,4,4,4,4,16,N,G,Growth/Global,4,15,11,1.0,SR,SR,SR,0,0,0,3,16,15,11,0,0,1,0,1,0,0,0,0,0,0,0,,16,-1,0.9375,SR,CR,SR,SR,SR,True,CR,False,SR,True,True,atlas,1,0.8145725807070178,0.4,1.0,0.8,0.95,0.7,0.1,0.7400000000000001
238,Werner Heisenberg,1,2,4,2,3,4,4,16,N,B,Biological/Individual,3,12,8,1.0,PR,PR,PR,0,0,0,1,16,12,8,0,0,1,0,1,0,1,0,0,0,1,1,,16,-4,0.75,PR,CR,PR,PR,PR,True,CR,False,PR,True,True,atlas,1,0.7426905453026857,0.6,1.0,0.6,0.95,0.1,0.4,0.53
239,Wilhelm Röntgen,1,1,4,2,2,4,4,16,D,G,Growth/Global,4,10,6,1.0,PR,PR,PR,0,0,0,1,16,10,6,0,0,1,0,1,0,1,0,0,0,1,1,,16,-6,0.625,PR,CR,PR,PR,PR,True,CR,False,PR,True,True,atlas,1,0.7426905453026857,0.6,1.0,0.6,0.95,0.1,0.4,0.53
240,William Blake,2,1,3,3,4,3,3,9,V,L,Loss/Limitation,4,13,10,0.56,SR,SR,SR,0,0,0,2,9,13,10,0,0,0,0,0,0,0,0,0,0,0,0,0.0,9,4,1.444444444444444,SR,SR,SR,SR,SR,True,SR,True,SR,True,True,atlas,1,0.7952591619892629,0.4,0.6923076923076923,0.8,0.95,0.7,0.1,0.6784615384615386
241,William Wilberforce,1,2,3,4,3,4,4,16,T,G,Growth/Global,4,13,9,1.0,MR,MR,MR,0,0,0,1,16,13,9,0,0,1,0,1,0,0,0,0,0,0,0,,16,-3,0.8125,MR,CR,MR,MR,MR,True,CR,False,MR,True,True,atlas,1,0.8145725807070178,0.4,1.0,0.8,0.95,0.7,0.1,0.7400000000000001
242,Winston Churchill,2,3,3,4,3,4,4,16,T,G,Growth/Global,4,15,11,1.0,MR,MR,MR,0,0,0,1,16,15,11,0,0,1,0,1,0,0,0,0,0,0,0,,16,-1,0.9375,MR,CR,MR,MR,MR,True,CR,False,MR,True,True,atlas,1,0.8145725807070178,0.4,1.0,0.8,0.95,0.7,0.1,0.7400000000000001
243,Yayoi Kusama,4,2,3,4,4,3,2,6,V,L,Loss/Limitation,4,17,14,0.38,SR,SR,SR,0,0,0,1,6,17,14,0,0,0,1,0,0,0,0,0,0,0,0,0.0,6,11,2.833333333333333,SR,FR,SR,SR,SR,True,FR,False,SR,True,True,atlas,1,0.7651592703672194,0.4,0.35294117647058826,0.7,0.95,0.7,0.1,0.5905882352941176
244,Zora Neale Hurston,1,2,3,4,4,3,4,12,N,L,Loss/Limitation,4,14,11,0.75,SR,SR,SR,0,0,0,1,12,14,11,0,0,1,0,1,0,0,0,0,0,0,0,,12,2,1.166666666666667,SR,MR,SR,SR,SR,True,MR,False,SR,True,True,atlas,1,0.8057859355516407,0.4,0.8571428571428571,0.8,0.95,0.7,0.1,0.7114285714285714
245,Zoroaster,1,2,2,4,4,3,4,12,V,B,Biological/Individual,4,13,10,0.75,MR,MR,MR,0,0,0,2,12,13,10,0,0,1,0,1,0,0,0,0,0,0,0,,12,1,1.083333333333333,MR,MR,MR,MR,MR,True,MR,True,MR,True,True,atlas,1,0.8098800203913294,0.4,0.9230769230769231,0.8,0.95,0.7,0.1,0.7246153846153847
